<?xml version="1.0" standalone="yes"?>
<DSPlanoNegocio xmlns="http://tempuri.org/DSPlanoNegocio.xsd">
  <Sumario_Executivo>
    <ds_resumo_pn>- Plano de negócio elaborado com o objetivo de avaliar viabilidade na abertura de empresa no ramo de Software de Gestão para Comércio.
- O plano prevê alugar sala comercial, contratação de colaboradores, compra de equipamentos, utensilios e móveis além de constituir canais de vendas e representação.
- O plano também prevê uma situação financeira em crescimento.
</ds_resumo_pn>
    <ds_missao_empresa>Fornecer soluções em gestão para empresas na área comercial, por meio de ferramentas criativas, inovadoras e com profissionais qualificados, alavancando os resultados da organização.
</ds_missao_empresa>
    <ds_fonte_recursos>- Plano de negócio elaborado com o objetivo de avaliar viabilidade na abertura de empresa no ramo de Software de Gestão para Comércio.
- O plano prevê alugar sala comercial, contratação de colaboradores, compra de equipamentos, utensilios e móveis além de constituir canais de vendas e representação.
- O plano também prevê uma situação financeira equilibrada e em crescimento.</ds_fonte_recursos>
  </Sumario_Executivo>
  <Empreendedor>
    <cd_empreendedor>1</cd_empreendedor>
    <ds_nome>Elisandro Knebelkemp</ds_nome>
    <ds_endereco>Rua Turíbio Antunes, 19</ds_endereco>
    <ds_bairro>Jardim Petrópolis</ds_bairro>
    <ds_cidade>Santa Rosa</ds_cidade>
    <fk_estado>RS</fk_estado>
    <nm_telefone1>5596231156</nm_telefone1>
    <nm_telefone2>0</nm_telefone2>
    <ds_perfil>Elisandro Knebelkemp possui formação superior na área de Sistemas de Informação, estudioso em novas tecnologias, domina o processo de programação e tem experiência em programação.</ds_perfil>
    <ds_atribuicoes>Desenvolvimento / Suporte / Vendas / Gestor de Processos / Administração da Empresa.</ds_atribuicoes>
    <ds_percParticipacao>25.00</ds_percParticipacao>
    <Numero>1</Numero>
  </Empreendedor>
  <Empreendedor>
    <cd_empreendedor>2</cd_empreendedor>
    <ds_nome>Dinarte Moscon</ds_nome>
    <ds_endereco>Rua Manuel Diniz Lemos, 634</ds_endereco>
    <ds_bairro>Cruzeiro</ds_bairro>
    <ds_cidade>Santa Rosa</ds_cidade>
    <fk_estado>RS</fk_estado>
    <nm_telefone1>5584198994</nm_telefone1>
    <nm_telefone2>0</nm_telefone2>
    <ds_perfil>Dinarte Moscon possui formação superior na área de Administração de Empresas, estudioso em novas tecnologias, tem um otimo conhecimento na gestão de empresas, domina o processo de programação e tem experiência em programação.</ds_perfil>
    <ds_atribuicoes>Desenvolvimento / Administração da Empresa / Gestor de Processos.</ds_atribuicoes>
    <ds_percParticipacao>25.00</ds_percParticipacao>
    <Numero>2</Numero>
  </Empreendedor>
  <Empreendedor>
    <cd_empreendedor>3</cd_empreendedor>
    <ds_nome>Douglas Dapper</ds_nome>
    <ds_endereco>Rua Progresso, 484</ds_endereco>
    <ds_bairro>Cruzeiro</ds_bairro>
    <ds_cidade>Santa Rosa</ds_cidade>
    <fk_estado>RS</fk_estado>
    <nm_telefone1>5597066900</nm_telefone1>
    <nm_telefone2>0</nm_telefone2>
    <ds_perfil>Douglas Dapper possui formação superior na área de Sistemas de Informação, dedicado e estudioso, atento as tecnologias, domina o processo de programação e tem experiência em programação.</ds_perfil>
    <ds_atribuicoes>Desenvolvimento / Gestor de Processos / Administração da Empresa.</ds_atribuicoes>
    <ds_percParticipacao>25.00</ds_percParticipacao>
    <Numero>3</Numero>
  </Empreendedor>
  <Empreendedor>
    <cd_empreendedor>4</cd_empreendedor>
    <ds_nome>Fábio D. Schafer</ds_nome>
    <ds_endereco>Rua Progresso, 475</ds_endereco>
    <ds_bairro>Cruzeiro</ds_bairro>
    <ds_cidade>Santa Rosa</ds_cidade>
    <fk_estado>RS</fk_estado>
    <nm_telefone1>5591638149</nm_telefone1>
    <nm_telefone2>0</nm_telefone2>
    <ds_perfil>Fábio Shafer possui formação superior Incompleta na área de Administração de Empresas, dedicado e estudioso, tem conhecimento nos processos de Suporte e Implantação de sistemas e tem conhecimento e experiência na Gestão de Equipes de Trabalho.</ds_perfil>
    <ds_atribuicoes>Administração da Empresa / Suporte / Implantação / Gestor de Processos.</ds_atribuicoes>
    <ds_percParticipacao>25.00</ds_percParticipacao>
    <Numero>4</Numero>
  </Empreendedor>
  <Empreendimento>
    <ic_setor_agropecuaria>false</ic_setor_agropecuaria>
    <ic_setor_industria>false</ic_setor_industria>
    <ic_setor_comercio>false</ic_setor_comercio>
    <ic_setor_servico>true</ic_setor_servico>
    <ic_forma_juridica>S</ic_forma_juridica>
    <ds_forma_juridica_outros />
    <ic_tributo_federal>Regime Simples</ic_tributo_federal>
    <ic_tributo_estadual>False</ic_tributo_estadual>
    <ic_tributo_municipal>False</ic_tributo_municipal>
  </Empreendimento>
  <Analise_Mercado>
    <ds_publico_alvo>- Os clientes alvo para esse projeto, são de médio e grande porte;
- Empresas com filiais interligadas a mesma ferramenta;
- Capacidade de pagamento pelo valor de negociação da ferramenta e mensalidades;</ds_publico_alvo>
    <ds_comportamento_cliente>- Necessidade de gestão de seus negócios;
- Ferramenta para identificar melhorias nos processos do negócio;
- Apartir de dados coletados nesta ferramenta, traçar planos, estratégias, metas e objetivos.</ds_comportamento_cliente>
    <ds_area_abrangencia>- Cidade de Santa Rosa;
- Região Noroeste do Estado Do Rio Grande do Sul;
- Estado do Rio Grande do Sul;</ds_area_abrangencia>
    <ds_conclusao>Analisando os concorrentes podemos concluir que:
* Os Aplicativos Comerciais possui pouca adesão na região, inflexível a alterações e está nos clientes pequenos.
* Enfoque é um bom sistema, bem organizado, completo, com desvantagens na gestão do negócio, falta de relatório, gráficos... Está locado em pequenas lojas comerciais da cidade.
* RK Software é um bom sistema, organizado, completo, atualizado as novas necessidades do mercado, carente na gestão do negócio. Está locado em pequenos supermercados da região, lojas em geral;
* Abase Sul é um bom sistema, completo, atualizado as novas exigências do mercado, carente na gestão do negócio. Está locado em empresas de médio e grande porte da região.</ds_conclusao>
  </Analise_Mercado>
  <Estudo_Concorrrente>
    <cd_empresa>-1</cd_empresa>
    <ds_empresa>Aplicativos Comerciais</ds_empresa>
    <ds_qualidade>- Qualidade boa;
- Torna-se uma ferramenta "ENGESSADA" pois é um sistema genérico, ou seja, não leva em consideração e/ou sugestões de melhorias proveniêntes do clientes.</ds_qualidade>
    <ds_preco>- R$1299,00 (Sem mensalidade).</ds_preco>
    <ds_condicao_pagamento>- A Vista;
- Parcelado com Boleto;
- Parcelado com Cartão de Crédito;</ds_condicao_pagamento>
    <ds_localizacao>- Localizado em todo o território Nacional;</ds_localizacao>
    <ds_atendimento>- Sem atendimento de suporte ao cliente;</ds_atendimento>
    <ds_servico>- Atualizações Anuais cobradas;</ds_servico>
    <ds_garantias />
    <propriaEmpresa>false</propriaEmpresa>
    <Numero>1</Numero>
  </Estudo_Concorrrente>
  <Estudo_Concorrrente>
    <cd_empresa>-2</cd_empresa>
    <ds_empresa>Enfoque Software</ds_empresa>
    <ds_qualidade>- Qualidade Boa / Otimo;
- Ferramenta desenvolvida em Delphi, usa banco de dados Firebird, muito bem organizado, telas objetivas e claras.</ds_qualidade>
    <ds_preco>- Preço de compra R$800,00 mais mensalidade média de R$200,00 (Valores mínimos)</ds_preco>
    <ds_condicao_pagamento>- 3x na compra.
- Pagamento em Dinheiro, Boleto ou negociação com o cliente.</ds_condicao_pagamento>
    <ds_localizacao>- Santa Rosa</ds_localizacao>
    <ds_atendimento>- Atendimento Bom ao cliente;</ds_atendimento>
    <ds_servico>- Suporte para Software;
- Treinamento e implantação agendadas;</ds_servico>
    <ds_garantias />
    <propriaEmpresa>false</propriaEmpresa>
    <Numero>2</Numero>
  </Estudo_Concorrrente>
  <Estudo_Concorrrente>
    <cd_empresa>-3</cd_empresa>
    <ds_empresa>RK Software</ds_empresa>
    <ds_qualidade>- Qualidade Boa;</ds_qualidade>
    <ds_preco>- Preço de compra R$2000,00 e mais mensalidade média de R$250,00 (Valores Mínimos)</ds_preco>
    <ds_condicao_pagamento>- Pagamento em Dinheiro, Boleto ou negociação direta com o cliente;</ds_condicao_pagamento>
    <ds_localizacao>Santa Rosa / São Luiz Gonzaga / Santo Ângelo ampliando sua atuação no cenário Estadual e Nacional.</ds_localizacao>
    <ds_atendimento>- Atendimento Bom;</ds_atendimento>
    <ds_servico>- Software Comercial;
- Loja de Informática;
- Atendimento em Suporte;
- Treinamento e implantação agendadas;</ds_servico>
    <ds_garantias />
    <propriaEmpresa>false</propriaEmpresa>
    <Numero>3</Numero>
  </Estudo_Concorrrente>
  <Estudo_Concorrrente>
    <cd_empresa>-4</cd_empresa>
    <ds_empresa>Abase Sul Sistemas Ltda.</ds_empresa>
    <ds_qualidade>- Sistema bom na área comercial;
- Sistema é operacional;</ds_qualidade>
    <ds_preco>- Preço médio de compra R$5000,00 e mais mensalidade média de R$350,00.</ds_preco>
    <ds_condicao_pagamento>- Pagamento em Dinheiro, Boleto ou negociação direta com o Cliente;</ds_condicao_pagamento>
    <ds_localizacao>- Localizada em Três de Maio - 30 km de Santa Rosa</ds_localizacao>
    <ds_atendimento>- Bom atendimento ao cliente;</ds_atendimento>
    <ds_servico>- Atendimento em Suporte;
- Treinamento e implantação agendadas;</ds_servico>
    <ds_garantias />
    <propriaEmpresa>false</propriaEmpresa>
    <Numero>4</Numero>
  </Estudo_Concorrrente>
  <Estudo_Fornecedor>
    <cd_fornecedor>-2</cd_fornecedor>
    <ds_nome_fornecedor>Freddi Móveis Planejados</ds_nome_fornecedor>
    <ds_preco>- Móveis de Escritório (8 und.): R$ 7.000,00
- Mesa de Reuniões / Cadeiras (6 und.): R$ 1.500,00</ds_preco>
    <ds_condicao_pagamento>- 10x no boleto</ds_condicao_pagamento>
    <ds_prazo_entrega>- 45 dias;</ds_prazo_entrega>
    <ds_descricao_item>- Móveis de Escritório (Sup./Implant./Trein.): 2 und.
- Mesa Reuniões e Cadeiras (Sala Reuniões): 6 und.
- Móveis Escritório (Desenvolvimento): 3 und.
- Moveis Escrtório (Secretária): 1 und.
- Móveis Escritório (Marketing): 1 und.
- Móveis Escritório (Administrativo): 1 und.</ds_descricao_item>
    <ds_localizacao>- Santa Rosa</ds_localizacao>
  </Estudo_Fornecedor>
  <Estudo_Fornecedor>
    <cd_fornecedor>-3</cd_fornecedor>
    <ds_nome_fornecedor>OI Telefonia</ds_nome_fornecedor>
    <ds_preco>- Plano Fixo de R$ 118,90 mês (2 a 10 Linhas);
- Plano Móvel de R$ 39,85 mês;</ds_preco>
    <ds_condicao_pagamento>- Mensais</ds_condicao_pagamento>
    <ds_prazo_entrega>- Prazo de Instalação 15 dias</ds_prazo_entrega>
    <ds_descricao_item>- Telefone Fixo e Móvel;</ds_descricao_item>
    <ds_localizacao>- Santa Rosa</ds_localizacao>
  </Estudo_Fornecedor>
  <Estudo_Fornecedor>
    <cd_fornecedor>-4</cd_fornecedor>
    <ds_nome_fornecedor>BR Phonia</ds_nome_fornecedor>
    <ds_preco>- R$120,00</ds_preco>
    <ds_condicao_pagamento>- Mensal</ds_condicao_pagamento>
    <ds_prazo_entrega>- 20 DIAS</ds_prazo_entrega>
    <ds_descricao_item>- Internet BR Fibra full 10 MB
- IP Fixo</ds_descricao_item>
    <ds_localizacao>- Santa Rosa</ds_localizacao>
  </Estudo_Fornecedor>
  <Estudo_Fornecedor>
    <cd_fornecedor>-5</cd_fornecedor>
    <ds_nome_fornecedor>Postos de Gasolina Coopermil</ds_nome_fornecedor>
    <ds_preco>- Gasolina Comum: R$3,47 lt
- Gasolina Aditivada: R$3,52 lt</ds_preco>
    <ds_condicao_pagamento>- 30 dias com boleto</ds_condicao_pagamento>
    <ds_prazo_entrega>- Imediato</ds_prazo_entrega>
    <ds_descricao_item>- Gasolina Comum
- Gasolina Aditivada</ds_descricao_item>
    <ds_localizacao>- Santa Rosa</ds_localizacao>
  </Estudo_Fornecedor>
  <Estudo_Fornecedor>
    <cd_fornecedor>-6</cd_fornecedor>
    <ds_nome_fornecedor>Escritório de Contabilidade Rosek</ds_nome_fornecedor>
    <ds_preco>- R$ 800,00 dependendo de:
 * Qtde NFe mês;
 * Tributação da empresa;
 * Folha de pagamento ou não;</ds_preco>
    <ds_condicao_pagamento>- Mensalidade</ds_condicao_pagamento>
    <ds_prazo_entrega>- Imediato</ds_prazo_entrega>
    <ds_descricao_item>- Contabilidade da empresa</ds_descricao_item>
    <ds_localizacao>- Santa Rosa</ds_localizacao>
  </Estudo_Fornecedor>
  <Estudo_Fornecedor>
    <cd_fornecedor>-7</cd_fornecedor>
    <ds_nome_fornecedor>RGE</ds_nome_fornecedor>
    <ds_preco>- R$200,00 (Média);</ds_preco>
    <ds_condicao_pagamento>- Mensal</ds_condicao_pagamento>
    <ds_prazo_entrega>- Imediato</ds_prazo_entrega>
    <ds_descricao_item>- Energia Elétrica;</ds_descricao_item>
    <ds_localizacao>- Santa Rosa; </ds_localizacao>
  </Estudo_Fornecedor>
  <Estudo_Fornecedor>
    <cd_fornecedor>-8</cd_fornecedor>
    <ds_nome_fornecedor>CORSAN</ds_nome_fornecedor>
    <ds_preco>- R$120,00 (média)</ds_preco>
    <ds_condicao_pagamento>- Mensal</ds_condicao_pagamento>
    <ds_prazo_entrega>- Imediata;</ds_prazo_entrega>
    <ds_descricao_item>- Agua e Esgoto</ds_descricao_item>
    <ds_localizacao>- Santa Rosa</ds_localizacao>
  </Estudo_Fornecedor>
  <Estudo_Fornecedor>
    <cd_fornecedor>-9</cd_fornecedor>
    <ds_nome_fornecedor>Dell</ds_nome_fornecedor>
    <ds_preco>- Servidor: R$5.558,00
- Sistema Operacional: R$1.339,00- BNDES;</ds_preco>
    <ds_condicao_pagamento>- BNDES;
- Boleto Bancário;
- Financeamentos;
- Cartão de Crédito;</ds_condicao_pagamento>
    <ds_prazo_entrega>- 22 dias úteis.</ds_prazo_entrega>
    <ds_descricao_item>- Servidor Excelente performance e segurança com processador Intel® Xeon®, 8GB de memória e 2 HDs de 500Gb em espelhamento, s/ sistema operacional.
- Sistema Operacional Windows Server® 2012 Essentials - Máximo 25 usuários</ds_descricao_item>
    <ds_localizacao>Rio Grande do Sul</ds_localizacao>
  </Estudo_Fornecedor>
  <Plano_Marketing>
    <ds_principais_produtos>- Software de Gestão Comercial;
- Mensalidades Software;</ds_principais_produtos>
    <ds_estrategia_precificacao>- A empresa se destaca pela qualidade da ferramenta que se propõe a fazer e disponibilizar aos seus clientes.

- Na formação dos preços foi observado os valores praticados pelos concorrentes, embora dificil de ser mensurado, custos fixos e custos variáveis da empresa.

* Valor de Venda Software:
Preço Venda=  (Custo Base)/(1-(Margem Agregada))

* Mensalidade Software:
Mensalidade= Valor mínimo de R$300,00 variando a qtde de usuários e módulos contratados.

- Foco nos clientes de médio e grande porte.

- Os preços seram revisados periodicamente observando o mercado (concorrentes) e os custos / despesas da empresa.</ds_estrategia_precificacao>
    <ds_estrategia_promocao>- Anúncios em Rádio local;
- Anúncios em TV aberta local;
- Criar perfil em redes sociais;
- Mala direta / Folder;
- Feira / Eventos da área;
- Usar estratégicas de canais de Vendas;</ds_estrategia_promocao>
    <ds_forma_comercializacao>- Uma das estratégias de Comercialização é através dos canais de Vendas;
- Prospecção interna de clientes / Telefone / Mala Direta;
- Contratação de Representantes Comerciais;
- Abertura de Filiais da empresa; </ds_forma_comercializacao>
    <ds_consideracao>- Uma localização de fácil acesso, centro da cidade, com estacionamento;</ds_consideracao>
    <ds_endereco>A Definir</ds_endereco>
    <ds_bairro>Cruzeiro</ds_bairro>
    <ds_cidade>Santa Rosa</ds_cidade>
    <ds_estado>RS</ds_estado>
    <ds_telefone1>(55) 9163-8149</ds_telefone1>
    <ds_telefone2>(  )     -</ds_telefone2>
    <ds_fax>(  )     -</ds_fax>
  </Plano_Marketing>
  <Produtos>
    <cd_produto>1</cd_produto>
    <ds_produto>Software de Gestão Comercial</ds_produto>
    <nm_quantidade>36</nm_quantidade>
    <nm_preco_venda>195.84</nm_preco_venda>
    <nm_preco_custo>0</nm_preco_custo>
    <cd_tipo>P</cd_tipo>
  </Produtos>
  <Produtos>
    <cd_produto>2</cd_produto>
    <ds_produto>Mensalidade Software</ds_produto>
    <nm_quantidade>36</nm_quantidade>
    <nm_preco_venda>350.00</nm_preco_venda>
    <nm_preco_custo>0</nm_preco_custo>
    <cd_tipo>S</cd_tipo>
  </Produtos>
  <Plano_Operacional>
    <ds_capacidade_maxima>- Levando em consideração que o foco será em direcionar um gestor de projeto no cliente e o mesmo receberá todos os treinamentos do sistema, o software será constituído dentro das boas práticas, eficiente e de fácil entendimento, tendo em vista a equipe proposta, 108 clientes.</ds_capacidade_maxima>
    <ds_atividade_negocio>- Atendimento Telefônico:
É a pessoa responsável pelo atendimento. É o primeiro contato com nosso cliente no dia a dia. Fará o direcionanmento das ligações. Caso o cliente deseja falar com alguma pessoa do suporte, está fará a abertura do chamado em sistema próprio, analisando a situação dos atendentes naquele momento, verificará qual dos atendentes estiver livre e direcionará a ligação.

- Processo de Suporte (Ligado a um gerente de suporte):
Ao receber a ligação do cliente, o mesmo ficará a par da solicitação atráves do chamado. Se necessário utilizará acesso remoto para resolver o problema no cliente, se for somente uma orientação o acesso remoto não será usado. Fechará o chamado gerando dados para serem compilados pelo gerente de suporte e repassados mensalmente a direção. Destes dados ainda, cria ordens de serviços que seram analisados sendo efetudos ou não pelo desenvolvimento.

- Processo de Desenvolvimento;
Desenvolve novas soluções / Necessidades / Inovações. Alteração ou não de solicitações de clientes provenientes do suporte e solicitações efetuadas pelo pessoal da Implantação (O retorno ao cliente referente a alteração será feita pelo gerente de suporte). As novas funcionalidade, alterações seram testadas pelo desenvolvimento antes de gerar versões novas e envia-las ao cliente.

- Processo de Marketing:
Prospecta novos canais e clientes, agenda visita e apresenta o sistema, negocia prazos, negocia valores, negocia cronograma de Instalação (requisitos básicos, datas de Instalação), define o gestor de projeto no cliente, planeja o cronograma de treinamento da equipe, agenda novos treinamentos conforme cronograma, supervisiona a equipe de Implantação, gera relatórios e indicadores de implantação, filtra as necessidades de alterações e melhorias e repassa ao desenvolvimento, pós venda.

- Processo de Implantação:
Instala o sistema conforme cronograma de Instalação, executa o planejamento de treinamento definido pelo Marketing, preenche os relatórios de treinamentos, levanta necessidades de alterações ou melhorias.

- Processos Administrativos: Gerencia todos os processos administrativos da empresa, processos financeiros, 
contrato de venda do sistema, gera boletos, contas a pagar e receber, DRE, Balancete, bancos, folha de pagamento, admissões, demissões, sindicatos, clientes inadimplentes;</ds_atividade_negocio>
  </Plano_Operacional>
  <Necessidade_Pessoal>
    <cd_pessoal>-1</cd_pessoal>
    <ds_cargo>Sócio / Gestor Administrativo</ds_cargo>
    <ds_qualificacao>- Sócio;
- Superior em Administração e/ou Sistemas da Informação</ds_qualificacao>
    <nm_qtd_empregados>1</nm_qtd_empregados>
    <nm_salario_mensal>0.00</nm_salario_mensal>
    <nm_vlr_encargos_sociais>0</nm_vlr_encargos_sociais>
    <vlrSubtotal>0.00</vlrSubtotal>
    <encargosSociais>0.00</encargosSociais>
    <total>0.00</total>
    <Numero>1</Numero>
  </Necessidade_Pessoal>
  <Necessidade_Pessoal>
    <cd_pessoal>-2</cd_pessoal>
    <ds_cargo>Sócio / Gestor Suporte / Implantação</ds_cargo>
    <ds_qualificacao>- Sócio
- Superior em Administração e/ou Sistemas da Informação</ds_qualificacao>
    <nm_qtd_empregados>1</nm_qtd_empregados>
    <nm_salario_mensal>0.00</nm_salario_mensal>
    <nm_vlr_encargos_sociais>0</nm_vlr_encargos_sociais>
    <vlrSubtotal>0.00</vlrSubtotal>
    <encargosSociais>0.00</encargosSociais>
    <total>0.00</total>
    <Numero>2</Numero>
  </Necessidade_Pessoal>
  <Necessidade_Pessoal>
    <cd_pessoal>-3</cd_pessoal>
    <ds_cargo>Sócio / Gestor Comercial</ds_cargo>
    <ds_qualificacao>- Sócio;
- Superior em Administração e/ou Sistemas da Informação</ds_qualificacao>
    <nm_qtd_empregados>1</nm_qtd_empregados>
    <nm_salario_mensal>0.00</nm_salario_mensal>
    <nm_vlr_encargos_sociais>0</nm_vlr_encargos_sociais>
    <vlrSubtotal>0.00</vlrSubtotal>
    <encargosSociais>0.00</encargosSociais>
    <total>0.00</total>
    <Numero>3</Numero>
  </Necessidade_Pessoal>
  <Necessidade_Pessoal>
    <cd_pessoal>-4</cd_pessoal>
    <ds_cargo>Sócio / Gestor Engenharia de Projetos</ds_cargo>
    <ds_qualificacao>- Sócio
- Superior em Administração e/ou Sistemas da Informação</ds_qualificacao>
    <nm_qtd_empregados>1</nm_qtd_empregados>
    <nm_salario_mensal>0.00</nm_salario_mensal>
    <nm_vlr_encargos_sociais>0</nm_vlr_encargos_sociais>
    <vlrSubtotal>0.00</vlrSubtotal>
    <encargosSociais>0.00</encargosSociais>
    <total>0.00</total>
    <Numero>4</Numero>
  </Necessidade_Pessoal>
  <Necessidade_Pessoal>
    <cd_pessoal>-5</cd_pessoal>
    <ds_cargo>Secretária</ds_cargo>
    <ds_qualificacao>- Curso de Secretáriado
- Desejável Superior em Administração</ds_qualificacao>
    <nm_qtd_empregados>1</nm_qtd_empregados>
    <nm_salario_mensal>900.00</nm_salario_mensal>
    <nm_vlr_encargos_sociais>43.00</nm_vlr_encargos_sociais>
    <vlrSubtotal>900.00</vlrSubtotal>
    <encargosSociais>387.0000</encargosSociais>
    <total>1287.0000</total>
    <Numero>5</Numero>
  </Necessidade_Pessoal>
  <Necessidade_Pessoal>
    <cd_pessoal>-7</cd_pessoal>
    <ds_cargo>Operador de Suporte - Nível 1</ds_cargo>
    <ds_qualificacao>- Superior em Andamento Administração ou Contábeis</ds_qualificacao>
    <nm_qtd_empregados>1</nm_qtd_empregados>
    <nm_salario_mensal>1400.00</nm_salario_mensal>
    <nm_vlr_encargos_sociais>45.00</nm_vlr_encargos_sociais>
    <vlrSubtotal>1400.00</vlrSubtotal>
    <encargosSociais>630.0000</encargosSociais>
    <total>2030.0000</total>
    <Numero>6</Numero>
  </Necessidade_Pessoal>
  <Necessidade_Pessoal>
    <cd_pessoal>-8</cd_pessoal>
    <ds_cargo>Consultor Técnico / Suporte</ds_cargo>
    <ds_qualificacao>- Superior em Administração e/ou Contábeis</ds_qualificacao>
    <nm_qtd_empregados>1</nm_qtd_empregados>
    <nm_salario_mensal>1700.00</nm_salario_mensal>
    <nm_vlr_encargos_sociais>48.00</nm_vlr_encargos_sociais>
    <vlrSubtotal>1700.00</vlrSubtotal>
    <encargosSociais>816.0000</encargosSociais>
    <total>2516.0000</total>
    <Numero>7</Numero>
  </Necessidade_Pessoal>
  <Investimento_Fixo>
    <cd_bem>-1</cd_bem>
    <ds_descricao_bem>Aparelhos Telefonicos</ds_descricao_bem>
    <nm_grupo_bem>1</nm_grupo_bem>
    <nm_quantidade>6</nm_quantidade>
    <nm_valor_unitario>150.00</nm_valor_unitario>
  </Investimento_Fixo>
  <Investimento_Fixo>
    <cd_bem>-2</cd_bem>
    <ds_descricao_bem>Impressoras (Aluguel)</ds_descricao_bem>
    <nm_grupo_bem>1</nm_grupo_bem>
    <nm_quantidade>1</nm_quantidade>
    <nm_valor_unitario>100.00</nm_valor_unitario>
  </Investimento_Fixo>
  <Investimento_Fixo>
    <cd_bem>-3</cd_bem>
    <ds_descricao_bem>Computadores (Completo)</ds_descricao_bem>
    <nm_grupo_bem>5</nm_grupo_bem>
    <nm_quantidade>2</nm_quantidade>
    <nm_valor_unitario>1600.00</nm_valor_unitario>
  </Investimento_Fixo>
  <Investimento_Fixo>
    <cd_bem>-4</cd_bem>
    <ds_descricao_bem>Notbooks</ds_descricao_bem>
    <nm_grupo_bem>5</nm_grupo_bem>
    <nm_quantidade>2</nm_quantidade>
    <nm_valor_unitario>1900.00</nm_valor_unitario>
  </Investimento_Fixo>
  <Investimento_Fixo>
    <cd_bem>-5</cd_bem>
    <ds_descricao_bem>Mesas / Cadeiras</ds_descricao_bem>
    <nm_grupo_bem>3</nm_grupo_bem>
    <nm_quantidade>8</nm_quantidade>
    <nm_valor_unitario>1062.50</nm_valor_unitario>
  </Investimento_Fixo>
  <Investimento_Fixo>
    <cd_bem>-6</cd_bem>
    <ds_descricao_bem>Armários</ds_descricao_bem>
    <nm_grupo_bem>3</nm_grupo_bem>
    <nm_quantidade>2</nm_quantidade>
    <nm_valor_unitario>600.00</nm_valor_unitario>
  </Investimento_Fixo>
  <Investimento_Fixo>
    <cd_bem>-7</cd_bem>
    <ds_descricao_bem>Sala Comercial</ds_descricao_bem>
    <nm_grupo_bem>0</nm_grupo_bem>
    <nm_quantidade>1</nm_quantidade>
    <nm_valor_unitario>1700.00</nm_valor_unitario>
  </Investimento_Fixo>
  <Custo_Depreciacao>
    <nm_grupo_bem>0</nm_grupo_bem>
  </Custo_Depreciacao>
  <Custo_Depreciacao>
    <nm_grupo_bem>1</nm_grupo_bem>
  </Custo_Depreciacao>
  <Custo_Depreciacao>
    <nm_grupo_bem>3</nm_grupo_bem>
  </Custo_Depreciacao>
  <Custo_Depreciacao>
    <nm_grupo_bem>5</nm_grupo_bem>
  </Custo_Depreciacao>
  <Conta_Pagar_Receber>
    <cd_prazo>-1</cd_prazo>
    <cd_conta>0</cd_conta>
    <ds_prazo>Recebimento</ds_prazo>
    <nm_percentual>100.00</nm_percentual>
    <nm_dias>30</nm_dias>
  </Conta_Pagar_Receber>
  <Conta_Pagar_Receber>
    <cd_prazo>-2</cd_prazo>
    <cd_conta>1</cd_conta>
    <ds_prazo>Pagamentos</ds_prazo>
    <nm_percentual>100.00</nm_percentual>
    <nm_dias>25</nm_dias>
  </Conta_Pagar_Receber>
  <Necessidade_Estoque>
    <nm_estoque>10</nm_estoque>
  </Necessidade_Estoque>
  <Avaliacao_Estrategica>
    <ds_forcas>- Estrutura flexível permitindo mudança rápida.
- Equipe de desenvolvimento não depende de terceiros, possui conhecimento suficiente.
- Aceitação / capacidade de mudança, absorvendo inovações do mercado e se mantendo atualizado quanto as exigências e práticas legais.
- Sistema livre de vícios, baseado e boas práticas.
- Envolvidos possuem experiência na área.</ds_forcas>
    <ds_oportunidades>- Obrigatoriedade fiscal para o ano de 2015/2016, NFe 3.10, CFe.
- Alto índice de empresas que não possuem software comercial.
- Ferramentas disponíveis no mercado focam na área operacional, negligenciando a ferramentas de gestão.
</ds_oportunidades>
    <ds_fraquezas>- Pouca disponibilidade de tempo;
- Não possui infraestrutura – escritório;
- Empresa nova, mercado desconhece;
- Disponibilidade financeira;</ds_fraquezas>
    <ds_ameacas>- Fortes concorrentes instalados na região há muitos anos (RK, Abase, Aplicativos Comerciais, Enfoque);</ds_ameacas>
    <ds_acoes />
  </Avaliacao_Estrategica>
  <AvaliacaoPlano>
    <ds_AvaliacaoPlano>Este plano de negócios foi desenvolvido com o objetivo de obter uma visão da viabilidade de negócio no segundo e terceiro ano da empresa. Foi necessário buscar no mercado informações de concorrentes, qualidade dos produto e valores negociados, fornecedores.

O produto será um software comercial focado na gestão da empresa e na confiabilidade das informações obtidas pelo cliente, levando a ele uma solução que auxilie na gestão e na tomada de decições. 

No empreendimento, o segundo e terceiro ano, coforme o faturamento projetado, poderá absorver o restante dos sócios integralmente, podendo ainda contratar 3 pessoas para o desenvolvimento integral das atividades: administrativas, financeiras, desenvolvimento de produto (software), suporte a clientes, implantação, treinamento.

O projeto traz vários pontos favoráveis entre eles a utilização de mão de obra que será efetuada pelos sócios, tendo em vista que, todos estão em formação ou formados em nível superior.

A visão do futuro é obter uma empresa inovadora na gestão comercial, sólida em recursos financeiros e intelectuais, estrutura física que comporte as necessidades do dia a dia e disponibilize aos colaboradores um ambiente tranquilo de trabalho.

</ds_AvaliacaoPlano>
  </AvaliacaoPlano>
  <Investimento_Pre_Operacional>
    <cd_investimento>-1</cd_investimento>
    <ds_investimento>Despesas de Legalização</ds_investimento>
    <nm_valor>0</nm_valor>
  </Investimento_Pre_Operacional>
  <Investimento_Pre_Operacional>
    <cd_investimento>-2</cd_investimento>
    <ds_investimento>Obras civis e/ou reformas</ds_investimento>
    <nm_valor>2000.00</nm_valor>
  </Investimento_Pre_Operacional>
  <Investimento_Pre_Operacional>
    <cd_investimento>-3</cd_investimento>
    <ds_investimento>Divulgação</ds_investimento>
    <nm_valor>0</nm_valor>
  </Investimento_Pre_Operacional>
  <Investimento_Pre_Operacional>
    <cd_investimento>-4</cd_investimento>
    <ds_investimento>Cursos e Treinamentos</ds_investimento>
    <nm_valor>0.00</nm_valor>
  </Investimento_Pre_Operacional>
  <Investimento_Pre_Operacional>
    <cd_investimento>-5</cd_investimento>
    <ds_investimento>Outras despesas</ds_investimento>
    <nm_valor>0.00</nm_valor>
  </Investimento_Pre_Operacional>
  <Investimento_Pre_Operacional>
    <cd_investimento>-7</cd_investimento>
    <ds_investimento>Fachada da Empresa</ds_investimento>
    <nm_valor>2000.00</nm_valor>
  </Investimento_Pre_Operacional>
  <Status_Preenchimento_tela>
    <_x0031_._x0020_Sumário_x0020_Executivo>true</_x0031_._x0020_Sumário_x0020_Executivo>
    <_x0032_._x0020_Análise_x0020_de_x0020_Mercado>true</_x0032_._x0020_Análise_x0020_de_x0020_Mercado>
    <_x0033_._x0020_Plano_x0020_de_x0020_Marketing>true</_x0033_._x0020_Plano_x0020_de_x0020_Marketing>
    <_x0034_._x0020_Plano_x0020_Operacional>true</_x0034_._x0020_Plano_x0020_Operacional>
    <_x0035_._x0020_Plano_x0020_Financeiro>false</_x0035_._x0020_Plano_x0020_Financeiro>
    <_x0036_._x0020_Construção_x0020_de_x0020_Cenários>true</_x0036_._x0020_Construção_x0020_de_x0020_Cenários>
    <_x0037_._x0020_Avaliação_x0020_Estratégica>false</_x0037_._x0020_Avaliação_x0020_Estratégica>
    <_x0038_._x0020_Avaliação_x0020_do_x0020_Plano_x0020_de_x0020_Negócio>true</_x0038_._x0020_Avaliação_x0020_do_x0020_Plano_x0020_de_x0020_Negócio>
    <_x0031_.1_x0020_Resumo_x0020_dos_x0020_principais_x0020_pontos_x0020_do_x0020_plano_x0020_de_x0020_negócio>true</_x0031_.1_x0020_Resumo_x0020_dos_x0020_principais_x0020_pontos_x0020_do_x0020_plano_x0020_de_x0020_negócio>
    <_x0031_.2_x0020_Dados_x0020_dos_x0020_empreendedores_x002C__x0020_experiência_x0020_profissional_x0020_e_x0020_atribuições>true</_x0031_.2_x0020_Dados_x0020_dos_x0020_empreendedores_x002C__x0020_experiência_x0020_profissional_x0020_e_x0020_atribuições>
    <_x0031_.3_x0020_Dados_x0020_do_x0020_empreendimento>true</_x0031_.3_x0020_Dados_x0020_do_x0020_empreendimento>
    <_x0031_.4_x0020_Missão_x0020_da_x0020_empresa>true</_x0031_.4_x0020_Missão_x0020_da_x0020_empresa>
    <_x0031_.5_x0020_Setores_x0020_de_x0020_atividades>true</_x0031_.5_x0020_Setores_x0020_de_x0020_atividades>
    <_x0031_.6_x0020_Forma_x0020_Jurídica>true</_x0031_.6_x0020_Forma_x0020_Jurídica>
    <_x0031_.7_x0020_Enquadramento_x0020_Tributário>true</_x0031_.7_x0020_Enquadramento_x0020_Tributário>
    <_x0031_.7.1_x0020_Âmbito_x0020_federal>true</_x0031_.7.1_x0020_Âmbito_x0020_federal>
    <_x0031_.7.2_x0020_Âmbito_x0020_estadual>true</_x0031_.7.2_x0020_Âmbito_x0020_estadual>
    <_x0031_.7.3_x0020_Âmbito_x0020_municipal>true</_x0031_.7.3_x0020_Âmbito_x0020_municipal>
    <_x0031_.8_x0020_Capital_x0020_Social>true</_x0031_.8_x0020_Capital_x0020_Social>
    <_x0031_.9_x0020_Fonte_x0020_de_x0020_recursos>true</_x0031_.9_x0020_Fonte_x0020_de_x0020_recursos>
    <_x0032_.1_x0020_Estudo_x0020_dos_x0020_clientes>true</_x0032_.1_x0020_Estudo_x0020_dos_x0020_clientes>
    <_x0032_.2_x0020_Estudo_x0020_dos_x0020_concorrentes>true</_x0032_.2_x0020_Estudo_x0020_dos_x0020_concorrentes>
    <_x0032_.3_x0020_Estudo_x0020_dos_x0020_fornecedores>true</_x0032_.3_x0020_Estudo_x0020_dos_x0020_fornecedores>
    <_x0033_.1_x0020_Descrição_x0020_dos_x0020_principais_x0020_produtos_x0020_e_x0020_serviços>true</_x0033_.1_x0020_Descrição_x0020_dos_x0020_principais_x0020_produtos_x0020_e_x0020_serviços>
    <_x0033_.2_x0020_Preço>true</_x0033_.2_x0020_Preço>
    <_x0033_.3_x0020_Estratégias_x0020_promocionais>true</_x0033_.3_x0020_Estratégias_x0020_promocionais>
    <_x0033_.4_x0020_Estrutura_x0020_de_x0020_comercialização>true</_x0033_.4_x0020_Estrutura_x0020_de_x0020_comercialização>
    <_x0033_.5_x0020_Localização_x0020_do_x0020_negócio>true</_x0033_.5_x0020_Localização_x0020_do_x0020_negócio>
    <_x0034_.1_x0020_Layout>true</_x0034_.1_x0020_Layout>
    <_x0034_.2_x0020_Capacidade_x0020_produtiva_x002F_comercial_x002F_serviços>true</_x0034_.2_x0020_Capacidade_x0020_produtiva_x002F_comercial_x002F_serviços>
    <_x0034_.3_x0020_Processos_x0020_operacionais>true</_x0034_.3_x0020_Processos_x0020_operacionais>
    <_x0034_.4_x0020_Necessidade_x0020_de_x0020_pessoal>true</_x0034_.4_x0020_Necessidade_x0020_de_x0020_pessoal>
    <_x0035_.1_x0020_Estimativa_x0020_de_x0020_investimentos_x0020_fixos>true</_x0035_.1_x0020_Estimativa_x0020_de_x0020_investimentos_x0020_fixos>
    <_x0035_.2_x0020_Capital_x0020_de_x0020_giro>false</_x0035_.2_x0020_Capital_x0020_de_x0020_giro>
    <_x0035_.2.1_x0020_Estimativa_x0020_de_x0020_Estoque_x0020_Inicial>false</_x0035_.2.1_x0020_Estimativa_x0020_de_x0020_Estoque_x0020_Inicial>
    <_x0035_.2.2_x0020_Caixa_x0020_Mínimo>true</_x0035_.2.2_x0020_Caixa_x0020_Mínimo>
    <_x0035_.3_x0020_Investimentos_x0020_pré-operacionais>true</_x0035_.3_x0020_Investimentos_x0020_pré-operacionais>
    <_x0035_.4_x0020_Investimento_x0020_total_x0020__x0028_resumo_x0029_>true</_x0035_.4_x0020_Investimento_x0020_total_x0020__x0028_resumo_x0029_>
    <_x0035_.5_x0020_Estimativa_x0020_do_x0020_faturamento_x0020_mensal_x0020_da_x0020_empresa>true</_x0035_.5_x0020_Estimativa_x0020_do_x0020_faturamento_x0020_mensal_x0020_da_x0020_empresa>
    <_x0035_.6_x0020_Estimativa_x0020_do_x0020_custo_x0020_unitário_x0020_de_x0020_matéria_x0020_prima_x002C__x0020_materiais_x0020_diretos_x0020_e_x0020_terceirizações>false</_x0035_.6_x0020_Estimativa_x0020_do_x0020_custo_x0020_unitário_x0020_de_x0020_matéria_x0020_prima_x002C__x0020_materiais_x0020_diretos_x0020_e_x0020_terceirizações>
    <_x0035_.7_x0020_Estimativas_x0020_de_x0020_custos_x0020_de_x0020_comercialização>true</_x0035_.7_x0020_Estimativas_x0020_de_x0020_custos_x0020_de_x0020_comercialização>
    <_x0035_.8_x0020_Apuração_x0020_do_x0020_custo_x0020_dos_x0020_materiais_x0020_diretos_x0020_e_x002F_ou_x0020_mercadorias_x0020_vendidas>true</_x0035_.8_x0020_Apuração_x0020_do_x0020_custo_x0020_dos_x0020_materiais_x0020_diretos_x0020_e_x002F_ou_x0020_mercadorias_x0020_vendidas>
    <_x0035_.9_x0020_Estimativas_x0020_dos_x0020_custos_x0020_com_x0020_mão-de-obra>true</_x0035_.9_x0020_Estimativas_x0020_dos_x0020_custos_x0020_com_x0020_mão-de-obra>
    <_x0035_.10_x0020_Estimativas_x0020_dos_x0020_custos_x0020_com_x0020_depreciação>true</_x0035_.10_x0020_Estimativas_x0020_dos_x0020_custos_x0020_com_x0020_depreciação>
    <_x0035_.11_x0020_Estimativas_x0020_dos_x0020_custos_x0020_fixos_x0020_operacionais_x0020_mensais>true</_x0035_.11_x0020_Estimativas_x0020_dos_x0020_custos_x0020_fixos_x0020_operacionais_x0020_mensais>
    <_x0035_.12_x0020_Demonstrativo_x0020_de_x0020_resultados>true</_x0035_.12_x0020_Demonstrativo_x0020_de_x0020_resultados>
    <_x0035_.13_x0020_Indicadores_x0020_de_x0020_viabilidade>true</_x0035_.13_x0020_Indicadores_x0020_de_x0020_viabilidade>
    <_x0036_.1_x0020_Ações_x0020_Preventivas_x0020_e_x0020_Corretivas>true</_x0036_.1_x0020_Ações_x0020_Preventivas_x0020_e_x0020_Corretivas>
    <_x0037_.1_x0020_Análise_x0020_da_x0020_Matriz_x0020_F.O.F.A.>false</_x0037_.1_x0020_Análise_x0020_da_x0020_Matriz_x0020_F.O.F.A.>
    <_x0038_.1_x0020_Avaliação>true</_x0038_.1_x0020_Avaliação>
  </Status_Preenchimento_tela>
  <Fontes_Recursos>
    <nm_proprio>0.00</nm_proprio>
    <nm_terceiros>100.00</nm_terceiros>
    <nm_outros>0.00</nm_outros>
  </Fontes_Recursos>
  <Custo_Fixo_Mensal>
    <cd_custo>-1</cd_custo>
    <ds_descricao>Aluguel</ds_descricao>
    <nm_valor>1700.00</nm_valor>
    <numero>1</numero>
  </Custo_Fixo_Mensal>
  <Custo_Fixo_Mensal>
    <cd_custo>-2</cd_custo>
    <ds_descricao>Condomínio</ds_descricao>
    <nm_valor>0.00</nm_valor>
    <numero>2</numero>
  </Custo_Fixo_Mensal>
  <Custo_Fixo_Mensal>
    <cd_custo>-3</cd_custo>
    <ds_descricao>IPTU</ds_descricao>
    <nm_valor>0.00</nm_valor>
    <numero>3</numero>
  </Custo_Fixo_Mensal>
  <Custo_Fixo_Mensal>
    <cd_custo>-4</cd_custo>
    <ds_descricao>Energia elétrica</ds_descricao>
    <nm_valor>150.00</nm_valor>
    <numero>4</numero>
  </Custo_Fixo_Mensal>
  <Custo_Fixo_Mensal>
    <cd_custo>-5</cd_custo>
    <ds_descricao>Telefone + internet</ds_descricao>
    <nm_valor>200.00</nm_valor>
    <numero>5</numero>
  </Custo_Fixo_Mensal>
  <Custo_Fixo_Mensal>
    <cd_custo>-6</cd_custo>
    <ds_descricao>Honorários do contador</ds_descricao>
    <nm_valor>600.00</nm_valor>
    <numero>6</numero>
  </Custo_Fixo_Mensal>
  <Custo_Fixo_Mensal>
    <cd_custo>-7</cd_custo>
    <ds_descricao>Pró-labore</ds_descricao>
    <nm_valor>8000.00</nm_valor>
    <numero>7</numero>
  </Custo_Fixo_Mensal>
  <Custo_Fixo_Mensal>
    <cd_custo>-8</cd_custo>
    <ds_descricao>Manutenção dos equipamentos</ds_descricao>
    <nm_valor>100.00</nm_valor>
    <numero>8</numero>
  </Custo_Fixo_Mensal>
  <Custo_Fixo_Mensal>
    <cd_custo>-9</cd_custo>
    <ds_descricao>Salários + encargos</ds_descricao>
    <nm_valor>5833.0000</nm_valor>
    <numero>9</numero>
  </Custo_Fixo_Mensal>
  <Custo_Fixo_Mensal>
    <cd_custo>-10</cd_custo>
    <ds_descricao>Material de limpeza</ds_descricao>
    <nm_valor>80.00</nm_valor>
    <numero>10</numero>
  </Custo_Fixo_Mensal>
  <Custo_Fixo_Mensal>
    <cd_custo>-11</cd_custo>
    <ds_descricao>Material de escritório</ds_descricao>
    <nm_valor>100.00</nm_valor>
    <numero>11</numero>
  </Custo_Fixo_Mensal>
  <Custo_Fixo_Mensal>
    <cd_custo>-12</cd_custo>
    <ds_descricao>Taxas diversas</ds_descricao>
    <nm_valor>100.00</nm_valor>
    <numero>12</numero>
  </Custo_Fixo_Mensal>
  <Custo_Fixo_Mensal>
    <cd_custo>-13</cd_custo>
    <ds_descricao>Serviços de terceiros</ds_descricao>
    <nm_valor>0.00</nm_valor>
    <numero>13</numero>
  </Custo_Fixo_Mensal>
  <Custo_Fixo_Mensal>
    <cd_custo>-14</cd_custo>
    <ds_descricao>Depreciação</ds_descricao>
    <nm_valor>211.50</nm_valor>
    <numero>14</numero>
  </Custo_Fixo_Mensal>
  <Custo_Fixo_Mensal>
    <cd_custo>-15</cd_custo>
    <ds_descricao>Contribuição do Microempreendedor Individual – MEI</ds_descricao>
    <nm_valor>0.00</nm_valor>
    <numero>15</numero>
  </Custo_Fixo_Mensal>
  <Custo_Fixo_Mensal>
    <cd_custo>-16</cd_custo>
    <ds_descricao>Outras taxas</ds_descricao>
    <nm_valor>0.00</nm_valor>
    <numero>16</numero>
  </Custo_Fixo_Mensal>
  <Projecao_Receitas>
    <tipoProjecao>F</tipoProjecao>
    <Mes1>17074.50</Mes1>
    <Mes2>17074.50</Mes2>
    <Mes3>17074.50</Mes3>
    <Mes4>17074.50</Mes4>
    <Mes5>17074.50</Mes5>
    <Mes6>17074.50</Mes6>
    <Mes7>17074.50</Mes7>
    <Mes8>17074.50</Mes8>
    <Mes9>17074.50</Mes9>
    <Mes10>17074.50</Mes10>
    <Mes11>17074.50</Mes11>
    <Mes12>17074.50</Mes12>
    <Ano2>204894.00</Ano2>
    <Ano3>0</Ano3>
    <Ano4>0</Ano4>
    <Ano5>0</Ano5>
    <taxaCrescimento>0</taxaCrescimento>
    <taxaCrescimentoAno>0</taxaCrescimentoAno>
    <modoProjecao>S</modoProjecao>
  </Projecao_Receitas>
  <Projecao_Receitas>
    <tipoProjecao>R</tipoProjecao>
    <Mes1>19650.24</Mes1>
    <Mes2>20700.00</Mes2>
    <Mes3>21750.00</Mes3>
    <Mes4>22800.00</Mes4>
    <Mes5>23850.00</Mes5>
    <Mes6>24900.00</Mes6>
    <Mes7>25950.00</Mes7>
    <Mes8>27000.00</Mes8>
    <Mes9>28050.00</Mes9>
    <Mes10>29100.00</Mes10>
    <Mes11>30150.00</Mes11>
    <Mes12>31200.00</Mes12>
    <Ano2>456300.00</Ano2>
    <Ano3>0.00</Ano3>
    <Ano4>0.00</Ano4>
    <Ano5>0.00</Ano5>
    <taxaCrescimento>0</taxaCrescimento>
    <taxaCrescimentoAno>0</taxaCrescimentoAno>
    <modoProjecao>E</modoProjecao>
  </Projecao_Receitas>
  <Projecao_Receitas>
    <tipoProjecao>C</tipoProjecao>
    <Mes1>2358.03</Mes1>
    <Mes2>2484.0000</Mes2>
    <Mes3>2610.0000</Mes3>
    <Mes4>2736.0000</Mes4>
    <Mes5>2862.0000</Mes5>
    <Mes6>2988.0000</Mes6>
    <Mes7>3114.0000</Mes7>
    <Mes8>3240.0000</Mes8>
    <Mes9>3366.0000</Mes9>
    <Mes10>3492.0000</Mes10>
    <Mes11>3618.0000</Mes11>
    <Mes12>3744.0000</Mes12>
    <Ano2>54756.0000</Ano2>
    <Ano3>0.0000</Ano3>
    <Ano4>0.0000</Ano4>
    <Ano5>0.0000</Ano5>
    <taxaCrescimento>0</taxaCrescimento>
    <taxaCrescimentoAno>0</taxaCrescimentoAno>
    <modoProjecao>E</modoProjecao>
  </Projecao_Receitas>
  <Projecao_Receitas>
    <tipoProjecao>A</tipoProjecao>
    <Mes1>0</Mes1>
    <Mes2>0</Mes2>
    <Mes3>0</Mes3>
    <Mes4>0</Mes4>
    <Mes5>0</Mes5>
    <Mes6>0</Mes6>
    <Mes7>0</Mes7>
    <Mes8>0</Mes8>
    <Mes9>0</Mes9>
    <Mes10>0</Mes10>
    <Mes11>0</Mes11>
    <Mes12>0</Mes12>
    <Ano2>0</Ano2>
    <Ano3>0</Ano3>
    <Ano4>0</Ano4>
    <Ano5>0</Ano5>
    <taxaCrescimento>0</taxaCrescimento>
    <taxaCrescimentoAno>0</taxaCrescimentoAno>
    <modoProjecao>E</modoProjecao>
  </Projecao_Receitas>
  <Projecao_Receitas>
    <tipoProjecao>D</tipoProjecao>
    <Mes1>217.72</Mes1>
    <Mes2>1141.50</Mes2>
    <Mes3>2065.50</Mes3>
    <Mes4>2989.50</Mes4>
    <Mes5>3913.50</Mes5>
    <Mes6>4837.50</Mes6>
    <Mes7>5761.50</Mes7>
    <Mes8>6685.50</Mes8>
    <Mes9>7609.50</Mes9>
    <Mes10>8533.50</Mes10>
    <Mes11>9457.50</Mes11>
    <Mes12>10381.50</Mes12>
    <Ano2>196650.00</Ano2>
    <Ano3>0.00</Ano3>
    <Ano4>0.00</Ano4>
    <Ano5>0.00</Ano5>
    <taxaCrescimento>0</taxaCrescimento>
    <taxaCrescimentoAno>0</taxaCrescimentoAno>
    <modoProjecao>E</modoProjecao>
  </Projecao_Receitas>
  <Custo_Comercializacao>
    <ds_imposto>SIMPLES (Imposto Federal)</ds_imposto>
    <nm_percentual>6.00</nm_percentual>
  </Custo_Comercializacao>
  <Custo_Comercializacao>
    <ds_imposto>Comissões (Gastos com Vendas)</ds_imposto>
    <nm_percentual>0.00</nm_percentual>
  </Custo_Comercializacao>
  <Custo_Comercializacao>
    <ds_imposto>Propaganda (Gastos com Vendas)</ds_imposto>
    <nm_percentual>1.00</nm_percentual>
  </Custo_Comercializacao>
  <Custo_Comercializacao>
    <ds_imposto>Taxas de Cartões (Gastos com Vendas)</ds_imposto>
    <nm_percentual>5.00</nm_percentual>
  </Custo_Comercializacao>
  <Cenario>
    <nm_receita_pessimista>5.00</nm_receita_pessimista>
    <nm_receita_otimista>20.00</nm_receita_otimista>
    <ds_acoes />
  </Cenario>
</DSPlanoNegocio>