<?xml version="1.0" standalone="yes"?>
<DSPlanoNegocio xmlns="http://tempuri.org/DSPlanoNegocio.xsd">
  <Sumario_Executivo>
    <ds_missao_empresa>Fornecer soluções em gestão para empresas na área comercial, por meio de ferramentas criativas, inovadoras e com profissionais qualificados, alavancando os resultados da organização.
</ds_missao_empresa>
    <ds_fonte_recursos>- A origem dos recursos, quando for necessária, será através de projetos;
- </ds_fonte_recursos>
  </Sumario_Executivo>
  <Empreendedor>
    <cd_empreendedor>1</cd_empreendedor>
    <ds_nome>Fábio D. Schafer</ds_nome>
    <ds_endereco>Rua Progresso, 475</ds_endereco>
    <ds_bairro>Cruzeiro</ds_bairro>
    <ds_cidade>Santa Rosa</ds_cidade>
    <fk_estado>RS</fk_estado>
    <nm_telefone1>5591638149</nm_telefone1>
    <nm_telefone2>0</nm_telefone2>
    <ds_perfil>D</ds_perfil>
    <ds_atribuicoes>F</ds_atribuicoes>
    <ds_percParticipacao>25.00</ds_percParticipacao>
    <Numero>1</Numero>
  </Empreendedor>
  <Empreendedor>
    <cd_empreendedor>2</cd_empreendedor>
    <ds_nome>Douglas Dapper</ds_nome>
    <ds_endereco>Rua Progresso, 484</ds_endereco>
    <ds_bairro>Cruzeiro</ds_bairro>
    <ds_cidade>Santa Rosa</ds_cidade>
    <fk_estado>RS</fk_estado>
    <nm_telefone1>5597066900</nm_telefone1>
    <nm_telefone2>0</nm_telefone2>
    <ds_perfil>p</ds_perfil>
    <ds_atribuicoes>k</ds_atribuicoes>
    <ds_percParticipacao>25.00</ds_percParticipacao>
    <Numero>2</Numero>
  </Empreendedor>
  <Empreendedor>
    <cd_empreendedor>3</cd_empreendedor>
    <ds_nome>Dinarte Moscon</ds_nome>
    <ds_endereco>Rua Manuel Diniz Lemos, 634</ds_endereco>
    <ds_bairro>Cruzeiro</ds_bairro>
    <ds_cidade>Santa Rosa</ds_cidade>
    <fk_estado>RS</fk_estado>
    <nm_telefone1>5584198994</nm_telefone1>
    <nm_telefone2>0</nm_telefone2>
    <ds_perfil>h</ds_perfil>
    <ds_atribuicoes>h</ds_atribuicoes>
    <ds_percParticipacao>25.00</ds_percParticipacao>
    <Numero>3</Numero>
  </Empreendedor>
  <Empreendedor>
    <cd_empreendedor>4</cd_empreendedor>
    <ds_nome>Elisandro Knebelkemp</ds_nome>
    <ds_endereco>R</ds_endereco>
    <ds_bairro>C</ds_bairro>
    <ds_cidade>Santa Rosa</ds_cidade>
    <fk_estado>RS</fk_estado>
    <nm_telefone1>5596231156</nm_telefone1>
    <nm_telefone2>0</nm_telefone2>
    <ds_perfil>h</ds_perfil>
    <ds_atribuicoes>h</ds_atribuicoes>
    <ds_percParticipacao>25.00</ds_percParticipacao>
    <Numero>4</Numero>
  </Empreendedor>
  <Empreendimento>
    <ic_setor_agropecuaria>false</ic_setor_agropecuaria>
    <ic_setor_industria>false</ic_setor_industria>
    <ic_setor_comercio>false</ic_setor_comercio>
    <ic_setor_servico>true</ic_setor_servico>
    <ic_forma_juridica>S</ic_forma_juridica>
    <ds_forma_juridica_outros />
    <ic_tributo_federal>Regime Simples</ic_tributo_federal>
    <ic_tributo_estadual>False</ic_tributo_estadual>
    <ic_tributo_municipal>False</ic_tributo_municipal>
  </Empreendimento>
  <Analise_Mercado>
    <ds_publico_alvo>- Clientes de Médio e Grande porte, onde possa pagar no mínimo R$300,00 mensais.</ds_publico_alvo>
    <ds_comportamento_cliente>- Adquirir uma ferramenta voltada para gestão de seus negócios;
- Proporcionar clareza dos seus problemas;
- Obter exito na resolução dos mesmos;
- Apartir de dados coletados nesta ferramenta, traçar planos, estratégias, metas e objetivos.</ds_comportamento_cliente>
    <ds_area_abrangencia>- Cidade de Santa Rosa (Inicialmente);
- Região Noroeste do Estado Do Rio Grande do sul
- Região Litorânea de Santa Catarina (Itapema);
- Estado do Rio Grande do Sul;
- Região Sul do Brasil;
- Brasil;</ds_area_abrangencia>
    <ds_conclusao>ku</ds_conclusao>
  </Analise_Mercado>
  <Estudo_Concorrrente>
    <cd_empresa>-1</cd_empresa>
    <ds_empresa>Abase Sul Sistemas Ltda.</ds_empresa>
    <ds_qualidade>- Sistema bom na área comercial;
- Sem inovação tecnológica, sistema básico;
- Sistema é operacional;</ds_qualidade>
    <ds_preco>s</ds_preco>
    <ds_condicao_pagamento>sss</ds_condicao_pagamento>
    <ds_localizacao>- Localizada em Três de Maio - 30 km de Santa Rosa</ds_localizacao>
    <ds_atendimento>ss</ds_atendimento>
    <ds_servico>s</ds_servico>
    <ds_garantias />
    <propriaEmpresa>false</propriaEmpresa>
  </Estudo_Concorrrente>
  <Estudo_Concorrrente>
    <cd_empresa>-2</cd_empresa>
    <ds_empresa>RK Software</ds_empresa>
    <ds_qualidade>j</ds_qualidade>
    <ds_preco>j</ds_preco>
    <ds_condicao_pagamento>j</ds_condicao_pagamento>
    <ds_localizacao>j</ds_localizacao>
    <ds_atendimento>j</ds_atendimento>
    <ds_servico>j</ds_servico>
    <ds_garantias />
    <propriaEmpresa>false</propriaEmpresa>
  </Estudo_Concorrrente>
  <Estudo_Concorrrente>
    <cd_empresa>-3</cd_empresa>
    <ds_empresa>Enfoque Software</ds_empresa>
    <ds_qualidade>k</ds_qualidade>
    <ds_preco>k</ds_preco>
    <ds_condicao_pagamento>k</ds_condicao_pagamento>
    <ds_localizacao>k</ds_localizacao>
    <ds_atendimento>k</ds_atendimento>
    <ds_servico>k</ds_servico>
    <ds_garantias />
    <propriaEmpresa>false</propriaEmpresa>
  </Estudo_Concorrrente>
  <Estudo_Concorrrente>
    <cd_empresa>-4</cd_empresa>
    <ds_empresa>Aplicativos Comerciais</ds_empresa>
    <ds_qualidade>- Atende o que se propõe a fazer;</ds_qualidade>
    <ds_preco>- R$1299,00 (Sem mensalidade).</ds_preco>
    <ds_condicao_pagamento>- A Vista;
- Parcelado com Boleto;
- Parcelado com Cartão de Crédito;</ds_condicao_pagamento>
    <ds_localizacao>- Todo o Brasil;</ds_localizacao>
    <ds_atendimento>- Sem atendimento de suporte;</ds_atendimento>
    <ds_servico>j</ds_servico>
    <ds_garantias />
    <propriaEmpresa>false</propriaEmpresa>
  </Estudo_Concorrrente>
  <Estudo_Fornecedor>
    <cd_fornecedor>-1</cd_fornecedor>
    <ds_nome_fornecedor>BR Phonia</ds_nome_fornecedor>
    <ds_preco>- R$60,00</ds_preco>
    <ds_condicao_pagamento>i</ds_condicao_pagamento>
    <ds_prazo_entrega>i</ds_prazo_entrega>
    <ds_descricao_item>- Internet Fibra Óptica;</ds_descricao_item>
    <ds_localizacao>Santa Rosa - RS</ds_localizacao>
  </Estudo_Fornecedor>
  <Estudo_Fornecedor>
    <cd_fornecedor>-2</cd_fornecedor>
    <ds_nome_fornecedor>OI Telefonia</ds_nome_fornecedor>
    <ds_preco>- R$ 400,00</ds_preco>
    <ds_condicao_pagamento>o</ds_condicao_pagamento>
    <ds_prazo_entrega>o</ds_prazo_entrega>
    <ds_descricao_item>- Telefone Fixo e Móvel</ds_descricao_item>
    <ds_localizacao>Santa Rosa - RS</ds_localizacao>
  </Estudo_Fornecedor>
  <Plano_Marketing>
    <ds_principais_produtos>- Software de Gestão Comercial</ds_principais_produtos>
    <ds_estrategia_precificacao>- Precificação é um reajuste automático dos preços dos produtos feito em decorrência das alterações de preço e disponibidade de produtos no mercado, de acordo com regras que você define.

- Traz uma visão detalhada e em tempo real do cenário competitivo 24 horas por dia. Apresenta o seu preço em relação à concorrência apontando o status (Maior Preço, Menor Preço, Preço Intermediário) de um ou mais produtos selecionados dentro do seu sortimento incluindo valores à prazo ou à vista (boleto)</ds_estrategia_precificacao>
    <ds_estrategia_promocao />
    <ds_forma_comercializacao>d</ds_forma_comercializacao>
  </Plano_Marketing>
  <Produtos>
    <cd_produto>1</cd_produto>
    <ds_produto>Software de Gestão Comercial</ds_produto>
    <nm_quantidade>0</nm_quantidade>
    <nm_preco_venda>0</nm_preco_venda>
    <nm_preco_custo>0</nm_preco_custo>
    <cd_tipo>P</cd_tipo>
  </Produtos>
  <Produtos>
    <cd_produto>2</cd_produto>
    <ds_produto>Consultoria Comercial</ds_produto>
    <nm_quantidade>0</nm_quantidade>
    <nm_preco_venda>0</nm_preco_venda>
    <nm_preco_custo>0</nm_preco_custo>
    <cd_tipo>S</cd_tipo>
  </Produtos>
  <Plano_Operacional>
    <ds_atividade_negocio />
  </Plano_Operacional>
  <Necessidade_Pessoal>
    <cd_pessoal>-11</cd_pessoal>
    <ds_cargo>- Sócio / Diretor</ds_cargo>
    <ds_qualificacao>h</ds_qualificacao>
    <nm_qtd_empregados>0</nm_qtd_empregados>
    <nm_salario_mensal>0</nm_salario_mensal>
    <nm_vlr_encargos_sociais>0</nm_vlr_encargos_sociais>
    <vlrSubtotal>0</vlrSubtotal>
    <encargosSociais>0</encargosSociais>
    <total>0</total>
    <Numero>1</Numero>
  </Necessidade_Pessoal>
  <Necessidade_Pessoal>
    <cd_pessoal>-12</cd_pessoal>
    <ds_cargo>- Gestor de Desenvolvimento</ds_cargo>
    <ds_qualificacao>j</ds_qualificacao>
    <nm_qtd_empregados>0</nm_qtd_empregados>
    <nm_salario_mensal>0</nm_salario_mensal>
    <nm_vlr_encargos_sociais>0</nm_vlr_encargos_sociais>
    <vlrSubtotal>0</vlrSubtotal>
    <encargosSociais>0</encargosSociais>
    <total>0</total>
    <Numero>2</Numero>
  </Necessidade_Pessoal>
  <Necessidade_Pessoal>
    <cd_pessoal>-13</cd_pessoal>
    <ds_cargo>- Programador - Nível Pleno</ds_cargo>
    <ds_qualificacao>f</ds_qualificacao>
    <nm_qtd_empregados>0</nm_qtd_empregados>
    <nm_salario_mensal>0</nm_salario_mensal>
    <nm_vlr_encargos_sociais>0</nm_vlr_encargos_sociais>
    <vlrSubtotal>0</vlrSubtotal>
    <encargosSociais>0</encargosSociais>
    <total>0</total>
    <Numero>3</Numero>
  </Necessidade_Pessoal>
  <Necessidade_Pessoal>
    <cd_pessoal>-14</cd_pessoal>
    <ds_cargo>- Programador - Nível Júnior</ds_cargo>
    <ds_qualificacao>j</ds_qualificacao>
    <nm_qtd_empregados>0</nm_qtd_empregados>
    <nm_salario_mensal>0</nm_salario_mensal>
    <nm_vlr_encargos_sociais>0</nm_vlr_encargos_sociais>
    <vlrSubtotal>0</vlrSubtotal>
    <encargosSociais>0</encargosSociais>
    <total>0</total>
    <Numero>4</Numero>
  </Necessidade_Pessoal>
  <Necessidade_Pessoal>
    <cd_pessoal>-15</cd_pessoal>
    <ds_cargo>- Programador - Nível Sênior</ds_cargo>
    <ds_qualificacao>kk</ds_qualificacao>
    <nm_qtd_empregados>0</nm_qtd_empregados>
    <nm_salario_mensal>0</nm_salario_mensal>
    <nm_vlr_encargos_sociais>0</nm_vlr_encargos_sociais>
    <vlrSubtotal>0</vlrSubtotal>
    <encargosSociais>0</encargosSociais>
    <total>0</total>
    <Numero>5</Numero>
  </Necessidade_Pessoal>
  <Necessidade_Pessoal>
    <cd_pessoal>-16</cd_pessoal>
    <ds_cargo>- Gestor Comercial</ds_cargo>
    <ds_qualificacao>d</ds_qualificacao>
    <nm_qtd_empregados>0</nm_qtd_empregados>
    <nm_salario_mensal>0</nm_salario_mensal>
    <nm_vlr_encargos_sociais>0</nm_vlr_encargos_sociais>
    <vlrSubtotal>0</vlrSubtotal>
    <encargosSociais>0</encargosSociais>
    <total>0</total>
    <Numero>6</Numero>
  </Necessidade_Pessoal>
  <Necessidade_Pessoal>
    <cd_pessoal>-17</cd_pessoal>
    <ds_cargo>- Operador de Suporte - Nível 1</ds_cargo>
    <ds_qualificacao>f</ds_qualificacao>
    <nm_qtd_empregados>0</nm_qtd_empregados>
    <nm_salario_mensal>0</nm_salario_mensal>
    <nm_vlr_encargos_sociais>0</nm_vlr_encargos_sociais>
    <vlrSubtotal>0</vlrSubtotal>
    <encargosSociais>0</encargosSociais>
    <total>0</total>
    <Numero>7</Numero>
  </Necessidade_Pessoal>
  <Necessidade_Pessoal>
    <cd_pessoal>-18</cd_pessoal>
    <ds_cargo>- Operador de Suporte - Nível 2</ds_cargo>
    <ds_qualificacao>d</ds_qualificacao>
    <nm_qtd_empregados>0</nm_qtd_empregados>
    <nm_salario_mensal>0</nm_salario_mensal>
    <nm_vlr_encargos_sociais>0</nm_vlr_encargos_sociais>
    <vlrSubtotal>0</vlrSubtotal>
    <encargosSociais>0</encargosSociais>
    <total>0</total>
    <Numero>8</Numero>
  </Necessidade_Pessoal>
  <Necessidade_Pessoal>
    <cd_pessoal>-19</cd_pessoal>
    <ds_cargo>- Operador de Suporte - Nível 3</ds_cargo>
    <ds_qualificacao>f</ds_qualificacao>
    <nm_qtd_empregados>0</nm_qtd_empregados>
    <nm_salario_mensal>0</nm_salario_mensal>
    <nm_vlr_encargos_sociais>0</nm_vlr_encargos_sociais>
    <vlrSubtotal>0</vlrSubtotal>
    <encargosSociais>0</encargosSociais>
    <total>0</total>
    <Numero>9</Numero>
  </Necessidade_Pessoal>
  <Necessidade_Pessoal>
    <cd_pessoal>-20</cd_pessoal>
    <ds_cargo>- Vendedor de Serviços</ds_cargo>
    <ds_qualificacao>f</ds_qualificacao>
    <nm_qtd_empregados>0</nm_qtd_empregados>
    <nm_salario_mensal>0</nm_salario_mensal>
    <nm_vlr_encargos_sociais>0</nm_vlr_encargos_sociais>
    <vlrSubtotal>0</vlrSubtotal>
    <encargosSociais>0</encargosSociais>
    <total>0</total>
    <Numero>10</Numero>
  </Necessidade_Pessoal>
  <Necessidade_Pessoal>
    <cd_pessoal>-21</cd_pessoal>
    <ds_cargo>- Gestor Administrativo</ds_cargo>
    <ds_qualificacao>f</ds_qualificacao>
    <nm_qtd_empregados>0</nm_qtd_empregados>
    <nm_salario_mensal>0</nm_salario_mensal>
    <nm_vlr_encargos_sociais>0</nm_vlr_encargos_sociais>
    <vlrSubtotal>0</vlrSubtotal>
    <encargosSociais>0</encargosSociais>
    <total>0</total>
    <Numero>11</Numero>
  </Necessidade_Pessoal>
  <Necessidade_Pessoal>
    <cd_pessoal>-22</cd_pessoal>
    <ds_cargo>- Consultor Técnico</ds_cargo>
    <ds_qualificacao>j</ds_qualificacao>
    <nm_qtd_empregados>0</nm_qtd_empregados>
    <nm_salario_mensal>0</nm_salario_mensal>
    <nm_vlr_encargos_sociais>0</nm_vlr_encargos_sociais>
    <vlrSubtotal>0</vlrSubtotal>
    <encargosSociais>0</encargosSociais>
    <total>0</total>
    <Numero>12</Numero>
  </Necessidade_Pessoal>
  <Avaliacao_Estrategica>
    <ds_forcas>- Estrutura flexível permitindo mudança rápida.
- Equipe de desenvolvimento não depende de terceiros, possui conhecimento suficiente.
- Aceitação / capacidade de mudança, absorvendo inovações do mercado e se mantendo atualizado quanto as exigências e práticas legais.
- Sistema livre de vícios, baseado e boas práticas.
- Envolvidos possuem experiência na área.
- Custo fixo mínimo.</ds_forcas>
    <ds_oportunidades>- Obrigatoriedade fiscal para o ano de 2015, NFe 3.10,  CFe.
- Alto índice de empresas que não possuem software comercial.
- Ferramentas disponíveis no mercado focam na área operacional, negligenciando a ferramentas de gestão.
</ds_oportunidades>
    <ds_fraquezas>- Pouca disponibilidade de tempo;
- Não possui infraestrutura – escritório;
- Empresa nova, mercado desconhece;
- Disponibilidade financeira;
</ds_fraquezas>
    <ds_ameacas>- Fortes concorrentes instalados na região há muitos anos (RK, Abase, Aplicativos Comerciais, Questor);</ds_ameacas>
    <ds_acoes />
  </Avaliacao_Estrategica>
  <AvaliacaoPlano>
    <ds_AvaliacaoPlano>Este plano de negócios foi desenvolvido com o objetivo de obter uma visão da viabilidade de negócio imaginado para o projeto antes de investir no mesmo. Foi necessário buscar no mercado informações de concorrentes, qualidade dos produto e valores negociados. A necessidade de levantar informações de fornecedores, clientes e canais de negócio foram importantes.

O produto será um software comercial focado na gestão da empresa e na confiabilidade das informações obtidas pelo cliente, levando a ele uma solução que auxilie na gestão e na tomada de decições. 

No empreendimento, será necessário desenvolver atividades administrativas, financeiras, desenvolvimento de produto (software), suporte a clientes, implantação, treinamento e num segundo momento consultorias na área comercial.

O projeto traz vários pontos favoráveis entre eles a utilização de mão de obra que, em um primeiro momento, será efetuada pelos sócios, tendo em vista que, todos estão em formação ou formados em nível superior.  Assim o custo inicial de mão de obra não será necessária.

A visão do futuro é obter uma empresa inovadora na gestão comercial, sólida em recursos financeiros e intelectuais, estrutura física que comporte as necessidades do dia a dia e disponibilize aos colaboradores um ambiente tranquilo de trabalho.

</ds_AvaliacaoPlano>
  </AvaliacaoPlano>
  <Investimento_Pre_Operacional>
    <cd_investimento>-1</cd_investimento>
    <ds_investimento>Despesas de Legalização</ds_investimento>
    <nm_valor>0</nm_valor>
  </Investimento_Pre_Operacional>
  <Investimento_Pre_Operacional>
    <cd_investimento>-2</cd_investimento>
    <ds_investimento>Obras civis e/ou reformas</ds_investimento>
    <nm_valor>0</nm_valor>
  </Investimento_Pre_Operacional>
  <Investimento_Pre_Operacional>
    <cd_investimento>-3</cd_investimento>
    <ds_investimento>Divulgação</ds_investimento>
    <nm_valor>0</nm_valor>
  </Investimento_Pre_Operacional>
  <Investimento_Pre_Operacional>
    <cd_investimento>-4</cd_investimento>
    <ds_investimento>Cursos e Treinamentos</ds_investimento>
    <nm_valor>0</nm_valor>
  </Investimento_Pre_Operacional>
  <Investimento_Pre_Operacional>
    <cd_investimento>-5</cd_investimento>
    <ds_investimento>Outras despesas</ds_investimento>
    <nm_valor>0</nm_valor>
  </Investimento_Pre_Operacional>
  <Status_Preenchimento_tela>
    <_x0031_._x0020_Sumário_x0020_Executivo>false</_x0031_._x0020_Sumário_x0020_Executivo>
    <_x0032_._x0020_Análise_x0020_de_x0020_Mercado>true</_x0032_._x0020_Análise_x0020_de_x0020_Mercado>
    <_x0033_._x0020_Plano_x0020_de_x0020_Marketing>false</_x0033_._x0020_Plano_x0020_de_x0020_Marketing>
    <_x0034_._x0020_Plano_x0020_Operacional>false</_x0034_._x0020_Plano_x0020_Operacional>
    <_x0035_._x0020_Plano_x0020_Financeiro>false</_x0035_._x0020_Plano_x0020_Financeiro>
    <_x0036_._x0020_Construção_x0020_de_x0020_Cenários>true</_x0036_._x0020_Construção_x0020_de_x0020_Cenários>
    <_x0037_._x0020_Avaliação_x0020_Estratégica>false</_x0037_._x0020_Avaliação_x0020_Estratégica>
    <_x0038_._x0020_Avaliação_x0020_do_x0020_Plano_x0020_de_x0020_Negócio>true</_x0038_._x0020_Avaliação_x0020_do_x0020_Plano_x0020_de_x0020_Negócio>
    <_x0031_.1_x0020_Resumo_x0020_dos_x0020_principais_x0020_pontos_x0020_do_x0020_plano_x0020_de_x0020_negócio>false</_x0031_.1_x0020_Resumo_x0020_dos_x0020_principais_x0020_pontos_x0020_do_x0020_plano_x0020_de_x0020_negócio>
    <_x0031_.2_x0020_Dados_x0020_dos_x0020_empreendedores_x002C__x0020_experiência_x0020_profissional_x0020_e_x0020_atribuições>true</_x0031_.2_x0020_Dados_x0020_dos_x0020_empreendedores_x002C__x0020_experiência_x0020_profissional_x0020_e_x0020_atribuições>
    <_x0031_.3_x0020_Dados_x0020_do_x0020_empreendimento>false</_x0031_.3_x0020_Dados_x0020_do_x0020_empreendimento>
    <_x0031_.4_x0020_Missão_x0020_da_x0020_empresa>true</_x0031_.4_x0020_Missão_x0020_da_x0020_empresa>
    <_x0031_.5_x0020_Setores_x0020_de_x0020_atividades>true</_x0031_.5_x0020_Setores_x0020_de_x0020_atividades>
    <_x0031_.6_x0020_Forma_x0020_Jurídica>true</_x0031_.6_x0020_Forma_x0020_Jurídica>
    <_x0031_.7_x0020_Enquadramento_x0020_Tributário>true</_x0031_.7_x0020_Enquadramento_x0020_Tributário>
    <_x0031_.7.1_x0020_Âmbito_x0020_federal>true</_x0031_.7.1_x0020_Âmbito_x0020_federal>
    <_x0031_.7.2_x0020_Âmbito_x0020_estadual>true</_x0031_.7.2_x0020_Âmbito_x0020_estadual>
    <_x0031_.7.3_x0020_Âmbito_x0020_municipal>true</_x0031_.7.3_x0020_Âmbito_x0020_municipal>
    <_x0031_.8_x0020_Capital_x0020_Social>true</_x0031_.8_x0020_Capital_x0020_Social>
    <_x0031_.9_x0020_Fonte_x0020_de_x0020_recursos>true</_x0031_.9_x0020_Fonte_x0020_de_x0020_recursos>
    <_x0032_.1_x0020_Estudo_x0020_dos_x0020_clientes>true</_x0032_.1_x0020_Estudo_x0020_dos_x0020_clientes>
    <_x0032_.2_x0020_Estudo_x0020_dos_x0020_concorrentes>true</_x0032_.2_x0020_Estudo_x0020_dos_x0020_concorrentes>
    <_x0032_.3_x0020_Estudo_x0020_dos_x0020_fornecedores>true</_x0032_.3_x0020_Estudo_x0020_dos_x0020_fornecedores>
    <_x0033_.1_x0020_Descrição_x0020_dos_x0020_principais_x0020_produtos_x0020_e_x0020_serviços>true</_x0033_.1_x0020_Descrição_x0020_dos_x0020_principais_x0020_produtos_x0020_e_x0020_serviços>
    <_x0033_.2_x0020_Preço>true</_x0033_.2_x0020_Preço>
    <_x0033_.3_x0020_Estratégias_x0020_promocionais>false</_x0033_.3_x0020_Estratégias_x0020_promocionais>
    <_x0033_.4_x0020_Estrutura_x0020_de_x0020_comercialização>true</_x0033_.4_x0020_Estrutura_x0020_de_x0020_comercialização>
    <_x0033_.5_x0020_Localização_x0020_do_x0020_negócio>false</_x0033_.5_x0020_Localização_x0020_do_x0020_negócio>
    <_x0034_.1_x0020_Layout>false</_x0034_.1_x0020_Layout>
    <_x0034_.2_x0020_Capacidade_x0020_produtiva_x002F_comercial_x002F_serviços>false</_x0034_.2_x0020_Capacidade_x0020_produtiva_x002F_comercial_x002F_serviços>
    <_x0034_.3_x0020_Processos_x0020_operacionais>false</_x0034_.3_x0020_Processos_x0020_operacionais>
    <_x0034_.4_x0020_Necessidade_x0020_de_x0020_pessoal>true</_x0034_.4_x0020_Necessidade_x0020_de_x0020_pessoal>
    <_x0035_.1_x0020_Estimativa_x0020_de_x0020_investimentos_x0020_fixos>false</_x0035_.1_x0020_Estimativa_x0020_de_x0020_investimentos_x0020_fixos>
    <_x0035_.2_x0020_Capital_x0020_de_x0020_giro>false</_x0035_.2_x0020_Capital_x0020_de_x0020_giro>
    <_x0035_.2.1_x0020_Estimativa_x0020_de_x0020_Estoque_x0020_Inicial>false</_x0035_.2.1_x0020_Estimativa_x0020_de_x0020_Estoque_x0020_Inicial>
    <_x0035_.2.2_x0020_Caixa_x0020_Mínimo>false</_x0035_.2.2_x0020_Caixa_x0020_Mínimo>
    <_x0035_.3_x0020_Investimentos_x0020_pré-operacionais>false</_x0035_.3_x0020_Investimentos_x0020_pré-operacionais>
    <_x0035_.4_x0020_Investimento_x0020_total_x0020__x0028_resumo_x0029_>false</_x0035_.4_x0020_Investimento_x0020_total_x0020__x0028_resumo_x0029_>
    <_x0035_.5_x0020_Estimativa_x0020_do_x0020_faturamento_x0020_mensal_x0020_da_x0020_empresa>false</_x0035_.5_x0020_Estimativa_x0020_do_x0020_faturamento_x0020_mensal_x0020_da_x0020_empresa>
    <_x0035_.6_x0020_Estimativa_x0020_do_x0020_custo_x0020_unitário_x0020_de_x0020_matéria_x0020_prima_x002C__x0020_materiais_x0020_diretos_x0020_e_x0020_terceirizações>false</_x0035_.6_x0020_Estimativa_x0020_do_x0020_custo_x0020_unitário_x0020_de_x0020_matéria_x0020_prima_x002C__x0020_materiais_x0020_diretos_x0020_e_x0020_terceirizações>
    <_x0035_.7_x0020_Estimativas_x0020_de_x0020_custos_x0020_de_x0020_comercialização>false</_x0035_.7_x0020_Estimativas_x0020_de_x0020_custos_x0020_de_x0020_comercialização>
    <_x0035_.8_x0020_Apuração_x0020_do_x0020_custo_x0020_dos_x0020_materiais_x0020_diretos_x0020_e_x002F_ou_x0020_mercadorias_x0020_vendidas>false</_x0035_.8_x0020_Apuração_x0020_do_x0020_custo_x0020_dos_x0020_materiais_x0020_diretos_x0020_e_x002F_ou_x0020_mercadorias_x0020_vendidas>
    <_x0035_.9_x0020_Estimativas_x0020_dos_x0020_custos_x0020_com_x0020_mão-de-obra>false</_x0035_.9_x0020_Estimativas_x0020_dos_x0020_custos_x0020_com_x0020_mão-de-obra>
    <_x0035_.10_x0020_Estimativas_x0020_dos_x0020_custos_x0020_com_x0020_depreciação>false</_x0035_.10_x0020_Estimativas_x0020_dos_x0020_custos_x0020_com_x0020_depreciação>
    <_x0035_.11_x0020_Estimativas_x0020_dos_x0020_custos_x0020_fixos_x0020_operacionais_x0020_mensais>true</_x0035_.11_x0020_Estimativas_x0020_dos_x0020_custos_x0020_fixos_x0020_operacionais_x0020_mensais>
    <_x0035_.12_x0020_Demonstrativo_x0020_de_x0020_resultados>true</_x0035_.12_x0020_Demonstrativo_x0020_de_x0020_resultados>
    <_x0035_.13_x0020_Indicadores_x0020_de_x0020_viabilidade>false</_x0035_.13_x0020_Indicadores_x0020_de_x0020_viabilidade>
    <_x0036_.1_x0020_Ações_x0020_Preventivas_x0020_e_x0020_Corretivas>true</_x0036_.1_x0020_Ações_x0020_Preventivas_x0020_e_x0020_Corretivas>
    <_x0037_.1_x0020_Análise_x0020_da_x0020_Matriz_x0020_F.O.F.A.>false</_x0037_.1_x0020_Análise_x0020_da_x0020_Matriz_x0020_F.O.F.A.>
    <_x0038_.1_x0020_Avaliação>true</_x0038_.1_x0020_Avaliação>
  </Status_Preenchimento_tela>
  <Custo_Fixo_Mensal>
    <cd_custo>-1</cd_custo>
    <ds_descricao>Aluguel</ds_descricao>
    <nm_valor>0.00</nm_valor>
    <numero>1</numero>
  </Custo_Fixo_Mensal>
  <Custo_Fixo_Mensal>
    <cd_custo>-2</cd_custo>
    <ds_descricao>Condomínio</ds_descricao>
    <nm_valor>0.00</nm_valor>
    <numero>2</numero>
  </Custo_Fixo_Mensal>
  <Custo_Fixo_Mensal>
    <cd_custo>-3</cd_custo>
    <ds_descricao>IPTU</ds_descricao>
    <nm_valor>0.00</nm_valor>
    <numero>3</numero>
  </Custo_Fixo_Mensal>
  <Custo_Fixo_Mensal>
    <cd_custo>-4</cd_custo>
    <ds_descricao>Energia elétrica</ds_descricao>
    <nm_valor>0.00</nm_valor>
    <numero>4</numero>
  </Custo_Fixo_Mensal>
  <Custo_Fixo_Mensal>
    <cd_custo>-5</cd_custo>
    <ds_descricao>Telefone + internet</ds_descricao>
    <nm_valor>0.00</nm_valor>
    <numero>5</numero>
  </Custo_Fixo_Mensal>
  <Custo_Fixo_Mensal>
    <cd_custo>-6</cd_custo>
    <ds_descricao>Honorários do contador</ds_descricao>
    <nm_valor>0.00</nm_valor>
    <numero>6</numero>
  </Custo_Fixo_Mensal>
  <Custo_Fixo_Mensal>
    <cd_custo>-7</cd_custo>
    <ds_descricao>Pró-labore</ds_descricao>
    <nm_valor>10000.00</nm_valor>
    <numero>7</numero>
  </Custo_Fixo_Mensal>
  <Custo_Fixo_Mensal>
    <cd_custo>-8</cd_custo>
    <ds_descricao>Manutenção dos equipamentos</ds_descricao>
    <nm_valor>0.00</nm_valor>
    <numero>8</numero>
  </Custo_Fixo_Mensal>
  <Custo_Fixo_Mensal>
    <cd_custo>-9</cd_custo>
    <ds_descricao>Salários + encargos</ds_descricao>
    <nm_valor>0</nm_valor>
    <numero>9</numero>
  </Custo_Fixo_Mensal>
  <Custo_Fixo_Mensal>
    <cd_custo>-10</cd_custo>
    <ds_descricao>Material de limpeza</ds_descricao>
    <nm_valor>0.00</nm_valor>
    <numero>10</numero>
  </Custo_Fixo_Mensal>
  <Custo_Fixo_Mensal>
    <cd_custo>-11</cd_custo>
    <ds_descricao>Material de escritório</ds_descricao>
    <nm_valor>0.00</nm_valor>
    <numero>11</numero>
  </Custo_Fixo_Mensal>
  <Custo_Fixo_Mensal>
    <cd_custo>-12</cd_custo>
    <ds_descricao>Taxas diversas</ds_descricao>
    <nm_valor>0.00</nm_valor>
    <numero>12</numero>
  </Custo_Fixo_Mensal>
  <Custo_Fixo_Mensal>
    <cd_custo>-13</cd_custo>
    <ds_descricao>Serviços de terceiros</ds_descricao>
    <nm_valor>0.00</nm_valor>
    <numero>13</numero>
  </Custo_Fixo_Mensal>
  <Custo_Fixo_Mensal>
    <cd_custo>-14</cd_custo>
    <ds_descricao>Depreciação</ds_descricao>
    <nm_valor>0</nm_valor>
    <numero>14</numero>
  </Custo_Fixo_Mensal>
  <Custo_Fixo_Mensal>
    <cd_custo>-15</cd_custo>
    <ds_descricao>Contribuição do Microempreendedor Individual – MEI</ds_descricao>
    <nm_valor>0.00</nm_valor>
    <numero>15</numero>
  </Custo_Fixo_Mensal>
  <Custo_Fixo_Mensal>
    <cd_custo>-16</cd_custo>
    <ds_descricao>Outras taxas</ds_descricao>
    <nm_valor>0.00</nm_valor>
    <numero>16</numero>
  </Custo_Fixo_Mensal>
  <Projecao_Receitas>
    <tipoProjecao>F</tipoProjecao>
    <Mes1>10000.00</Mes1>
    <Mes2>10000.00</Mes2>
    <Mes3>10000.00</Mes3>
    <Mes4>10000.00</Mes4>
    <Mes5>10000.00</Mes5>
    <Mes6>10000.00</Mes6>
    <Mes7>10000.00</Mes7>
    <Mes8>10000.00</Mes8>
    <Mes9>10000.00</Mes9>
    <Mes10>10000.00</Mes10>
    <Mes11>10000.00</Mes11>
    <Mes12>10000.00</Mes12>
    <Ano2>120000.00</Ano2>
    <Ano3>0</Ano3>
    <Ano4>0</Ano4>
    <Ano5>0</Ano5>
    <taxaCrescimento>0</taxaCrescimento>
    <taxaCrescimentoAno>0</taxaCrescimentoAno>
    <modoProjecao>S</modoProjecao>
  </Projecao_Receitas>
  <Cenario>
    <nm_receita_pessimista>40.00</nm_receita_pessimista>
    <nm_receita_otimista>100.00</nm_receita_otimista>
    <ds_acoes>uh
</ds_acoes>
  </Cenario>
</DSPlanoNegocio>