<?xml version="1.0" standalone="yes"?>
<DSPlanoNegocio xmlns="http://tempuri.org/DSPlanoNegocio.xsd">
  <Sumario_Executivo>
    <ds_resumo_pn>- Plano de negócio elaborado com o objetivo de avaliar viabilidade na abertura de empresa no ramo de Software de Gestão para Comércio.
- O plano prevê a Investimento em uma sala comercial, contratação de colaboradores, compra de equipamentos, utensilios e móveis.
</ds_resumo_pn>
    <ds_missao_empresa>Fornecer soluções em gestão para empresas na área comercial, por meio de ferramentas criativas, inovadoras e com profissionais qualificados, alavancando os resultados da organização.
</ds_missao_empresa>
    <ds_fonte_recursos>- A origem dos recursos, quando for necessária, será através de projetos;
- Possibilidade de Investimento Próprio do Sócios;</ds_fonte_recursos>
  </Sumario_Executivo>
  <Empreendedor>
    <cd_empreendedor>1</cd_empreendedor>
    <ds_nome>Fábio D. Schafer</ds_nome>
    <ds_endereco>Rua Progresso, 475</ds_endereco>
    <ds_bairro>Cruzeiro</ds_bairro>
    <ds_cidade>Santa Rosa</ds_cidade>
    <fk_estado>RS</fk_estado>
    <nm_telefone1>5591638149</nm_telefone1>
    <nm_telefone2>0</nm_telefone2>
    <ds_perfil>Fábio Shafer possui formação superior Incompleta na área de Administração de Empresas, dedicado e estudioso, tem conhecimento nos processos de Suporte e Implantação de sistemas e tem conhecimento e experiência na Gestão de Equipes de Trabalho.</ds_perfil>
    <ds_atribuicoes>Administração da Empresa / Suporte / Implantação / Gestor de Processos.</ds_atribuicoes>
    <ds_percParticipacao>25.00</ds_percParticipacao>
  </Empreendedor>
  <Empreendedor>
    <cd_empreendedor>2</cd_empreendedor>
    <ds_nome>Douglas Dapper</ds_nome>
    <ds_endereco>Rua Progresso, 484</ds_endereco>
    <ds_bairro>Cruzeiro</ds_bairro>
    <ds_cidade>Santa Rosa</ds_cidade>
    <fk_estado>RS</fk_estado>
    <nm_telefone1>5597066900</nm_telefone1>
    <nm_telefone2>0</nm_telefone2>
    <ds_perfil>Douglas Dapper possui formação superior na área de Sistemas de Informação, dedicado e estudioso, atento as tecnologias, domina o processo de programação e tem experiência em programação.</ds_perfil>
    <ds_atribuicoes>Desenvolvimento / Gestor de Processos / Administração da Empresa.</ds_atribuicoes>
    <ds_percParticipacao>25.00</ds_percParticipacao>
  </Empreendedor>
  <Empreendedor>
    <cd_empreendedor>3</cd_empreendedor>
    <ds_nome>Dinarte Moscon</ds_nome>
    <ds_endereco>Rua Manuel Diniz Lemos, 634</ds_endereco>
    <ds_bairro>Cruzeiro</ds_bairro>
    <ds_cidade>Santa Rosa</ds_cidade>
    <fk_estado>RS</fk_estado>
    <nm_telefone1>5584198994</nm_telefone1>
    <nm_telefone2>0</nm_telefone2>
    <ds_perfil>Dinarte Moscon possui formação superior na área de Administração de Empresas, estudioso em novas tecnologias, tem um otimo conhecimento na gestão de empresas, domina o processo de programação e tem experiência em programação.</ds_perfil>
    <ds_atribuicoes>Desenvolvimento / Administração da Empresa / Gestor de Processos.</ds_atribuicoes>
    <ds_percParticipacao>25.00</ds_percParticipacao>
  </Empreendedor>
  <Empreendedor>
    <cd_empreendedor>4</cd_empreendedor>
    <ds_nome>Elisandro Knebelkemp</ds_nome>
    <ds_endereco>Rua Turíbio Antunes, 19</ds_endereco>
    <ds_bairro>Jardim Petrópoles</ds_bairro>
    <ds_cidade>Santa Rosa</ds_cidade>
    <fk_estado>RS</fk_estado>
    <nm_telefone1>5596231156</nm_telefone1>
    <nm_telefone2>0</nm_telefone2>
    <ds_perfil>Elisandro Knebelkemp possui formação superior na área de Sistemas de Informação, estudioso em novas tecnologias, domina o processo de programação e tem experiência em programação.</ds_perfil>
    <ds_atribuicoes>Desenvolvimento / Suporte / Vendas / Gestor de Processos / Administração da Empresa.</ds_atribuicoes>
    <ds_percParticipacao>25.00</ds_percParticipacao>
  </Empreendedor>
  <Empreendimento>
    <ic_setor_agropecuaria>false</ic_setor_agropecuaria>
    <ic_setor_industria>false</ic_setor_industria>
    <ic_setor_comercio>false</ic_setor_comercio>
    <ic_setor_servico>true</ic_setor_servico>
    <ic_forma_juridica>S</ic_forma_juridica>
    <ds_forma_juridica_outros />
    <ic_tributo_federal>Regime Simples</ic_tributo_federal>
    <ic_tributo_estadual>False</ic_tributo_estadual>
    <ic_tributo_municipal>False</ic_tributo_municipal>
  </Empreendimento>
  <Analise_Mercado>
    <ds_publico_alvo>- Clientes de Médio e Grande porte, onde possa pagar no mínimo R$300,00 mensais.</ds_publico_alvo>
    <ds_comportamento_cliente>- Adquirir uma ferramenta voltada para gestão de seus negócios;
- Proporcionar clareza dos seus problemas;
- Obter exito na resolução dos mesmos;
- Apartir de dados coletados nesta ferramenta, traçar planos, estratégias, metas e objetivos.</ds_comportamento_cliente>
    <ds_area_abrangencia>- Cidade de Santa Rosa (Inicialmente);
- Região Noroeste do Estado Do Rio Grande do sul
- Região Litorânea de Santa Catarina (Itapema);
- Estado do Rio Grande do Sul;
- Região Sul do Brasil;
- Brasil;</ds_area_abrangencia>
    <ds_conclusao>Analisando os concorrentes podemos concluir que:
* Os Aplicativos Comerciais possui pouca adesão na região, inflexível a alterações e está nos clientes pequenos.
* Enfoque é um bom sistema, bem organizado, completo, com desvantagens na gestão do negócio, falta de relatório, gráficos... Está locado em pequenas lojas comerciais da cidade.
* RK Software é um bom sistema, organizado, completo, atualizado as novas necessidades do mercado, carente na gestão do negócio. Está locado em pequenos supermercados da região, lojas em geral;
* Abase Sul é um bom sistema, completo, atualizado as novas exigências do mercado, carente na gestão do negócio. Está locado em empresas de médio e grande porte da região.</ds_conclusao>
  </Analise_Mercado>
  <Estudo_Concorrrente>
    <cd_empresa>-1</cd_empresa>
    <ds_empresa>Abase Sul Sistemas Ltda.</ds_empresa>
    <ds_qualidade>- Sistema bom na área comercial;
- Sistema é operacional;</ds_qualidade>
    <ds_preco>- Preço médio de compra R$5000,00 e mais mensalidade média de R$350,00.</ds_preco>
    <ds_condicao_pagamento>- Pagamento em Dinheiro, Boleto.</ds_condicao_pagamento>
    <ds_localizacao>- Localizada em Três de Maio - 30 km de Santa Rosa</ds_localizacao>
    <ds_atendimento>- Bom atendimento ao cliente;</ds_atendimento>
    <ds_servico>- Atendimento em Suporte;
- Treinamento e implantação agendadas;</ds_servico>
    <ds_garantias />
    <propriaEmpresa>false</propriaEmpresa>
  </Estudo_Concorrrente>
  <Estudo_Concorrrente>
    <cd_empresa>-2</cd_empresa>
    <ds_empresa>RK Software</ds_empresa>
    <ds_qualidade>- Qualidade Boa;</ds_qualidade>
    <ds_preco>- Preço médio de compra R$2000,00 e mais mensalidade média de R$250,00.</ds_preco>
    <ds_condicao_pagamento>- Pagamento em Dinheiro, Boleto.</ds_condicao_pagamento>
    <ds_localizacao>Santa Rosa / São Luiz Gonzaga / Santo Ângelo ampliando sua atuação no cenário Estadual e Nacional.</ds_localizacao>
    <ds_atendimento>- Atendimento Bom;</ds_atendimento>
    <ds_servico>- Software Comercial;
- Loja de Informática;
- Atendimento em Suporte;
- Treinamento e implantação agendadas;</ds_servico>
    <ds_garantias />
    <propriaEmpresa>false</propriaEmpresa>
  </Estudo_Concorrrente>
  <Estudo_Concorrrente>
    <cd_empresa>-3</cd_empresa>
    <ds_empresa>Enfoque Software</ds_empresa>
    <ds_qualidade>- Qualidade Boa / Otimo</ds_qualidade>
    <ds_preco>- Preço médio de compra R$800,00 mais mensalidade média de R$200,00.</ds_preco>
    <ds_condicao_pagamento>- 3 x na compra.
- Pagamento em Dinheiro, Boleto.</ds_condicao_pagamento>
    <ds_localizacao>- Santa Rosa</ds_localizacao>
    <ds_atendimento>- Atendimento Bom ao cliente;</ds_atendimento>
    <ds_servico>- Suporte para Software;
- Treinamento e implantação agendadas;</ds_servico>
    <ds_garantias />
    <propriaEmpresa>false</propriaEmpresa>
  </Estudo_Concorrrente>
  <Estudo_Concorrrente>
    <cd_empresa>-4</cd_empresa>
    <ds_empresa>Aplicativos Comerciais</ds_empresa>
    <ds_qualidade>- Qualidade boa;</ds_qualidade>
    <ds_preco>- R$1299,00 (Sem mensalidade).</ds_preco>
    <ds_condicao_pagamento>- A Vista;
- Parcelado com Boleto;
- Parcelado com Cartão de Crédito;</ds_condicao_pagamento>
    <ds_localizacao>- Todo o Brasil;</ds_localizacao>
    <ds_atendimento>- Sem atendimento de suporte ao cliente;</ds_atendimento>
    <ds_servico>- Atualizações Anuais cobradas;</ds_servico>
    <ds_garantias />
    <propriaEmpresa>false</propriaEmpresa>
  </Estudo_Concorrrente>
  <Estudo_Fornecedor>
    <cd_fornecedor>-1</cd_fornecedor>
    <ds_nome_fornecedor>BR Phonia</ds_nome_fornecedor>
    <ds_preco>- R$60,00</ds_preco>
    <ds_condicao_pagamento>A Vista</ds_condicao_pagamento>
    <ds_prazo_entrega>45 dias</ds_prazo_entrega>
    <ds_descricao_item>- Internet Fibra Óptica;</ds_descricao_item>
    <ds_localizacao>Santa Rosa - RS</ds_localizacao>
  </Estudo_Fornecedor>
  <Estudo_Fornecedor>
    <cd_fornecedor>-2</cd_fornecedor>
    <ds_nome_fornecedor>OI Telefonia (Mensalidade)</ds_nome_fornecedor>
    <ds_preco>- R$ 400,00</ds_preco>
    <ds_condicao_pagamento>A Vista</ds_condicao_pagamento>
    <ds_prazo_entrega>45 dias</ds_prazo_entrega>
    <ds_descricao_item>- Telefone Fixo e Móvel</ds_descricao_item>
    <ds_localizacao>Santa Rosa - RS</ds_localizacao>
  </Estudo_Fornecedor>
  <Plano_Marketing>
    <ds_principais_produtos>- Software de Gestão Comercial;
- Consultorias Comerciais;</ds_principais_produtos>
    <ds_estrategia_precificacao>- A empresa se destaca pela qualidade da ferramenta que se propõe a fazer e disponibilizar aos seus clientes. Uma ferramenta de gestão com o objetivo de gerir resultados para facilitar a empresa na tomada das decições.

- Na formação dos preços foi observado os valores praticados pelos concorrentes, embora dificil de ser mensurado, custos fixos e custos variáveis da empresa.

- Observou-se um valor maior que a concorrência e termos de mensalidades, mas o foco de cliente é outro, ou seja, empresas de médio e grande porte.

- Os preços seram revisados periodicamente observando o mercado (concorrentes) e os custos / despesas da empresa.

</ds_estrategia_precificacao>
    <ds_estrategia_promocao>- Anúncios em Rádio local;
- Anúncios em TV aberta local;
- Criar perfil em redes sociais;
- Usar estratégicas de canais de Vendas;

O cliente já utiliza multicanais em seu dia a dia, ou seja, ele deseja comprar em empresas de várias formas e em vários momentos. Portanto, a empresa terá que ser cada vez mais ágil e inovadora no que se refere às suas estratégias de canais de venda.</ds_estrategia_promocao>
    <ds_forma_comercializacao>- Uma das estratégias de Comercialização é através dos canais de Vendas;

- Prospecção interna de clientes;

- Contratação de Representantes Comerciais;

- Abertura de Filiais da empresa; </ds_forma_comercializacao>
    <ds_consideracao>DEFINIR</ds_consideracao>
    <ds_endereco>Endereço a Ver</ds_endereco>
    <ds_bairro>Cruzeiro</ds_bairro>
    <ds_cidade>Santa Rosa</ds_cidade>
    <ds_estado>RS</ds_estado>
    <ds_telefone1>(55) 9163-819</ds_telefone1>
    <ds_telefone2>(55)     -</ds_telefone2>
    <ds_fax>(  )     -</ds_fax>
  </Plano_Marketing>
  <Produtos>
    <cd_produto>1</cd_produto>
    <ds_produto>Software de Gestão Comercial</ds_produto>
    <nm_quantidade>0</nm_quantidade>
    <nm_preco_venda>0</nm_preco_venda>
    <nm_preco_custo>0</nm_preco_custo>
    <cd_tipo>P</cd_tipo>
  </Produtos>
  <Produtos>
    <cd_produto>2</cd_produto>
    <ds_produto>Consultoria Comercial</ds_produto>
    <nm_quantidade>0</nm_quantidade>
    <nm_preco_venda>0</nm_preco_venda>
    <nm_preco_custo>0</nm_preco_custo>
    <cd_tipo>S</cd_tipo>
  </Produtos>
  <Plano_Operacional>
    <ds_capacidade_maxima>- A capacidade estimada da empresa para atender as necessidades dos clientes, obrigatoriedades:

</ds_capacidade_maxima>
    <ds_atividade_negocio>- Atendimento Telefonico:
É pessoa responsável pelo atendimento. É o primeiro contato com nosso cliente. Fará o direcionanmento das ligações. Caso o cliente deseja falar com alguma pessoa do suporte, está fará a abertura do chamado em sistema próprio, analisando a situação dos atendentes naquele momento, verificará qual dos atendentes estiver livre e o direcionará.

- Processo de Suporte:
Ao receber a ligação do cliente, o mesmo ficará a par da solicitação. Se necessário utilizará acesso remoto para resolver o problema no cliente. Se for somente uma orientação o acesso remoto não será usado. Fechará o chamado gerando dados para serem compilados pelo gerente de suporte e repassados mensalmente a direção. Destes dados ainda, cria ordens de serviços que seram analisados e efetudas pelo desenvolvimento.

- Processo de Desenvolvimento;
Desenvolve novas soluções / Necessidades / Inovações. Alteração de solicitações de clientes provenientes do suporte e solicitações efetuadas pelo pessoal da Implantação.

- Processo de Marketing:
Prospecta novos canais e clientes, agenda visita e apresenta o sistema ao cliente, negocia prazos, negocia cronograma de Instalação (requisitos básicos, datas de Instalação), define o gestor de projeto no cliente, planeja o cronograma de treinamento da equipe, agenda novos treinamentos conforme cronograma, supervisiona a equipe de Implantação, gera relatórios e indicadores de implantação, filtra as necessidades de alterações e melhorias e repassa ao desenvolvimento, verifica necessidades de Consultorias.

- Processo de Implantação:
Instala o sistema conforme cronograma de Instalação, executa o planejamento de treinamento definido pelo Marketing, preenche os relatórios de treinamentos, levanta necessidades de alterações ou melhorias.

- Processos Administrativos: Gerencia todos os processos administrativos da empresa, processos financeiros, 
contrato de venda do sistema, gera boletos, contas a pagar e receber, DRE, Balancete, bancos, folha de pagamento, admissões, demissões, sindicatos, clientes inadimplentes;

- Processos de Consultoria: Recebe necessidades levantadas pelo Marketing, visita o cliente, faz diagnóstico e apresenta, gera contrato e envia ao financeiro, planeja a consultoria, executa.</ds_atividade_negocio>
  </Plano_Operacional>
  <Necessidade_Pessoal>
    <cd_pessoal>-25</cd_pessoal>
    <ds_cargo>Consultor Técnico</ds_cargo>
    <ds_qualificacao>- Formação Superior Administração / Contábeis
- Conhecimento do Sistema; </ds_qualificacao>
    <nm_qtd_empregados>1</nm_qtd_empregados>
    <nm_salario_mensal>1800.00</nm_salario_mensal>
    <nm_vlr_encargos_sociais>50.00</nm_vlr_encargos_sociais>
    <vlrSubtotal>1800.00</vlrSubtotal>
    <encargosSociais>900.0000</encargosSociais>
    <total>2700.0000</total>
    <Numero>1</Numero>
  </Necessidade_Pessoal>
  <Necessidade_Pessoal>
    <cd_pessoal>-26</cd_pessoal>
    <ds_cargo>Sócio / Gestor Administrativo</ds_cargo>
    <ds_qualificacao>- Formação Superior Administração;
- Conhecimento em Rotinas Administrativas;
- Conhecimento em Rotinas Financeiras;</ds_qualificacao>
    <nm_qtd_empregados>1</nm_qtd_empregados>
    <nm_salario_mensal>2000.00</nm_salario_mensal>
    <nm_vlr_encargos_sociais>52.00</nm_vlr_encargos_sociais>
    <vlrSubtotal>2000.00</vlrSubtotal>
    <encargosSociais>1040.0000</encargosSociais>
    <total>3040.0000</total>
    <Numero>2</Numero>
  </Necessidade_Pessoal>
  <Necessidade_Pessoal>
    <cd_pessoal>-27</cd_pessoal>
    <ds_cargo>Vendedor de Serviços</ds_cargo>
    <ds_qualificacao>- Técnico em Vendas;
- Práticas de negociação;
- Conhecimento do Sistema;</ds_qualificacao>
    <nm_qtd_empregados>1</nm_qtd_empregados>
    <nm_salario_mensal>1500.00</nm_salario_mensal>
    <nm_vlr_encargos_sociais>45.00</nm_vlr_encargos_sociais>
    <vlrSubtotal>1500.00</vlrSubtotal>
    <encargosSociais>675.0000</encargosSociais>
    <total>2175.0000</total>
    <Numero>3</Numero>
  </Necessidade_Pessoal>
  <Necessidade_Pessoal>
    <cd_pessoal>-28</cd_pessoal>
    <ds_cargo>Gerente de Suporte</ds_cargo>
    <ds_qualificacao>- Formação Superior Administração / Contábeis;
- Curso de Atendimento ao Ciente;
</ds_qualificacao>
    <nm_qtd_empregados>1</nm_qtd_empregados>
    <nm_salario_mensal>1600.00</nm_salario_mensal>
    <nm_vlr_encargos_sociais>46.00</nm_vlr_encargos_sociais>
    <vlrSubtotal>1600.00</vlrSubtotal>
    <encargosSociais>736.0000</encargosSociais>
    <total>2336.0000</total>
    <Numero>4</Numero>
  </Necessidade_Pessoal>
  <Necessidade_Pessoal>
    <cd_pessoal>-29</cd_pessoal>
    <ds_cargo>Op. de Suporte - Nível 2</ds_cargo>
    <ds_qualificacao>- Formação Superior Administração / Contábeis;
- Curso de Atendimento ao Ciente;</ds_qualificacao>
    <nm_qtd_empregados>1</nm_qtd_empregados>
    <nm_salario_mensal>1000.00</nm_salario_mensal>
    <nm_vlr_encargos_sociais>43.00</nm_vlr_encargos_sociais>
    <vlrSubtotal>1000.00</vlrSubtotal>
    <encargosSociais>430.0000</encargosSociais>
    <total>1430.0000</total>
    <Numero>5</Numero>
  </Necessidade_Pessoal>
  <Necessidade_Pessoal>
    <cd_pessoal>-30</cd_pessoal>
    <ds_cargo>Op. de Suporte - Nível 1</ds_cargo>
    <ds_qualificacao>- Formação Nível Médio;
- Curso de Atendimento ao Ciente;
</ds_qualificacao>
    <nm_qtd_empregados>1</nm_qtd_empregados>
    <nm_salario_mensal>800.00</nm_salario_mensal>
    <nm_vlr_encargos_sociais>42.00</nm_vlr_encargos_sociais>
    <vlrSubtotal>800.00</vlrSubtotal>
    <encargosSociais>336.0000</encargosSociais>
    <total>1136.0000</total>
    <Numero>6</Numero>
  </Necessidade_Pessoal>
  <Necessidade_Pessoal>
    <cd_pessoal>-31</cd_pessoal>
    <ds_cargo>Programador Sênior</ds_cargo>
    <ds_qualificacao>- Formação Superior em Sistemas de Informação
- Desejável Inglês Intermediário;</ds_qualificacao>
    <nm_qtd_empregados>1</nm_qtd_empregados>
    <nm_salario_mensal>1400.00</nm_salario_mensal>
    <nm_vlr_encargos_sociais>46.00</nm_vlr_encargos_sociais>
    <vlrSubtotal>1400.00</vlrSubtotal>
    <encargosSociais>644.0000</encargosSociais>
    <total>2044.0000</total>
    <Numero>7</Numero>
  </Necessidade_Pessoal>
  <Necessidade_Pessoal>
    <cd_pessoal>-32</cd_pessoal>
    <ds_cargo>Programador Pleno</ds_cargo>
    <ds_qualificacao>- Formação Superior em Sistemas de Informação
- Desejável Inglês Avançado;
</ds_qualificacao>
    <nm_qtd_empregados>1</nm_qtd_empregados>
    <nm_salario_mensal>1800.00</nm_salario_mensal>
    <nm_vlr_encargos_sociais>50.00</nm_vlr_encargos_sociais>
    <vlrSubtotal>1800.00</vlrSubtotal>
    <encargosSociais>900.0000</encargosSociais>
    <total>2700.0000</total>
    <Numero>8</Numero>
  </Necessidade_Pessoal>
  <Necessidade_Pessoal>
    <cd_pessoal>-33</cd_pessoal>
    <ds_cargo>programador Júnior</ds_cargo>
    <ds_qualificacao>- Formação Superior em Andamento - Sistemas da Informação;
- Desejável Inglês Básico;</ds_qualificacao>
    <nm_qtd_empregados>1</nm_qtd_empregados>
    <nm_salario_mensal>1000.00</nm_salario_mensal>
    <nm_vlr_encargos_sociais>43.00</nm_vlr_encargos_sociais>
    <vlrSubtotal>1000.00</vlrSubtotal>
    <encargosSociais>430.0000</encargosSociais>
    <total>1430.0000</total>
    <Numero>9</Numero>
  </Necessidade_Pessoal>
  <Necessidade_Pessoal>
    <cd_pessoal>-34</cd_pessoal>
    <ds_cargo>Sócio / Gestor Desenvolvimento</ds_cargo>
    <ds_qualificacao>- Formação Superior em Sistemas da Infomação;
- Liderança Total;
- Desejável Inglês Fluênte; </ds_qualificacao>
    <nm_qtd_empregados>1</nm_qtd_empregados>
    <nm_salario_mensal>2000.00</nm_salario_mensal>
    <nm_vlr_encargos_sociais>52.00</nm_vlr_encargos_sociais>
    <vlrSubtotal>2000.00</vlrSubtotal>
    <encargosSociais>1040.0000</encargosSociais>
    <total>3040.0000</total>
    <Numero>10</Numero>
  </Necessidade_Pessoal>
  <Necessidade_Pessoal>
    <cd_pessoal>-35</cd_pessoal>
    <ds_cargo>Sócio / Diretor</ds_cargo>
    <ds_qualificacao>- Formação Superior em Administração de Empresas;
- Curso de Liderança Total;
- Cursos na área de Contábeis / Financeira;</ds_qualificacao>
    <nm_qtd_empregados>1</nm_qtd_empregados>
    <nm_salario_mensal>2000.00</nm_salario_mensal>
    <nm_vlr_encargos_sociais>52.00</nm_vlr_encargos_sociais>
    <vlrSubtotal>2000.00</vlrSubtotal>
    <encargosSociais>1040.0000</encargosSociais>
    <total>3040.0000</total>
    <Numero>11</Numero>
  </Necessidade_Pessoal>
  <Necessidade_Pessoal>
    <cd_pessoal>-36</cd_pessoal>
    <ds_cargo>Sócio / Gestor Comercial</ds_cargo>
    <ds_qualificacao>- Formação Superior em Administração;
- Cursos em Vendas;
- Técnicas de Negociações com Clientes;</ds_qualificacao>
    <nm_qtd_empregados>1</nm_qtd_empregados>
    <nm_salario_mensal>2000.00</nm_salario_mensal>
    <nm_vlr_encargos_sociais>52.00</nm_vlr_encargos_sociais>
    <vlrSubtotal>2000.00</vlrSubtotal>
    <encargosSociais>1040.0000</encargosSociais>
    <total>3040.0000</total>
    <Numero>12</Numero>
  </Necessidade_Pessoal>
  <Necessidade_Pessoal>
    <cd_pessoal>-37</cd_pessoal>
    <ds_cargo>Secretária</ds_cargo>
    <ds_qualificacao>- Superior em Andamento - Administração ou Contábeis
- Curso de Secretária</ds_qualificacao>
    <nm_qtd_empregados>1</nm_qtd_empregados>
    <nm_salario_mensal>800.00</nm_salario_mensal>
    <nm_vlr_encargos_sociais>43.00</nm_vlr_encargos_sociais>
    <vlrSubtotal>800.00</vlrSubtotal>
    <encargosSociais>344.0000</encargosSociais>
    <total>1144.0000</total>
    <Numero>13</Numero>
  </Necessidade_Pessoal>
  <Investimento_Fixo>
    <cd_bem>-1</cd_bem>
    <ds_descricao_bem>Computadores para Desenvolvimento (Completos)</ds_descricao_bem>
    <nm_grupo_bem>5</nm_grupo_bem>
    <nm_quantidade>13</nm_quantidade>
    <nm_valor_unitario>1800.00</nm_valor_unitario>
  </Investimento_Fixo>
  <Investimento_Fixo>
    <cd_bem>-2</cd_bem>
    <ds_descricao_bem>Mesas e Cadeiras (Desenvolvimento/suporte/Atendimento/Administrativo)</ds_descricao_bem>
    <nm_grupo_bem>3</nm_grupo_bem>
    <nm_quantidade>13</nm_quantidade>
    <nm_valor_unitario>500.00</nm_valor_unitario>
  </Investimento_Fixo>
  <Investimento_Fixo>
    <cd_bem>-3</cd_bem>
    <ds_descricao_bem>Veículo para Atendimento e Deslocamento</ds_descricao_bem>
    <nm_grupo_bem>4</nm_grupo_bem>
    <nm_quantidade>2</nm_quantidade>
    <nm_valor_unitario>30000.00</nm_valor_unitario>
  </Investimento_Fixo>
  <Investimento_Fixo>
    <cd_bem>-5</cd_bem>
    <ds_descricao_bem>Sala Comercial (Centro de Santa Rosa)</ds_descricao_bem>
    <nm_grupo_bem>0</nm_grupo_bem>
    <nm_quantidade>1</nm_quantidade>
    <nm_valor_unitario>200000.00</nm_valor_unitario>
  </Investimento_Fixo>
  <Investimento_Fixo>
    <cd_bem>-6</cd_bem>
    <ds_descricao_bem>Impressoras</ds_descricao_bem>
    <nm_grupo_bem>1</nm_grupo_bem>
    <nm_quantidade>4</nm_quantidade>
    <nm_valor_unitario>400.00</nm_valor_unitario>
  </Investimento_Fixo>
  <Investimento_Fixo>
    <cd_bem>-7</cd_bem>
    <ds_descricao_bem>Servidor</ds_descricao_bem>
    <nm_grupo_bem>5</nm_grupo_bem>
    <nm_quantidade>1</nm_quantidade>
    <nm_valor_unitario>7000.00</nm_valor_unitario>
  </Investimento_Fixo>
  <Custo_Depreciacao>
    <nm_grupo_bem>0</nm_grupo_bem>
    <ds_vidaUtil>25</ds_vidaUtil>
  </Custo_Depreciacao>
  <Custo_Depreciacao>
    <nm_grupo_bem>1</nm_grupo_bem>
    <ds_vidaUtil>10</ds_vidaUtil>
  </Custo_Depreciacao>
  <Custo_Depreciacao>
    <nm_grupo_bem>3</nm_grupo_bem>
  </Custo_Depreciacao>
  <Custo_Depreciacao>
    <nm_grupo_bem>4</nm_grupo_bem>
    <ds_vidaUtil>10.00</ds_vidaUtil>
  </Custo_Depreciacao>
  <Custo_Depreciacao>
    <nm_grupo_bem>5</nm_grupo_bem>
  </Custo_Depreciacao>
  <Avaliacao_Estrategica>
    <ds_forcas>- Estrutura flexível permitindo mudança rápida.
- Equipe de desenvolvimento não depende de terceiros, possui conhecimento suficiente.
- Aceitação / capacidade de mudança, absorvendo inovações do mercado e se mantendo atualizado quanto as exigências e práticas legais.
- Sistema livre de vícios, baseado e boas práticas.
- Envolvidos possuem experiência na área.
- Custo fixo mínimo.</ds_forcas>
    <ds_oportunidades>- Obrigatoriedade fiscal para o ano de 2015, NFe 3.10,  CFe.
- Alto índice de empresas que não possuem software comercial.
- Ferramentas disponíveis no mercado focam na área operacional, negligenciando a ferramentas de gestão.
</ds_oportunidades>
    <ds_fraquezas>- Pouca disponibilidade de tempo;
- Não possui infraestrutura – escritório;
- Empresa nova, mercado desconhece;
- Disponibilidade financeira;
</ds_fraquezas>
    <ds_ameacas>- Fortes concorrentes instalados na região há muitos anos (RK, Abase, Aplicativos Comerciais, Questor);</ds_ameacas>
    <ds_acoes />
  </Avaliacao_Estrategica>
  <AvaliacaoPlano>
    <ds_AvaliacaoPlano>Este plano de negócios foi desenvolvido com o objetivo de obter uma visão da viabilidade de negócio imaginado para o projeto antes de investir no mesmo. Foi necessário buscar no mercado informações de concorrentes, qualidade dos produto e valores negociados. A necessidade de levantar informações de fornecedores, clientes e canais de negócio foram importantes.

O produto será um software comercial focado na gestão da empresa e na confiabilidade das informações obtidas pelo cliente, levando a ele uma solução que auxilie na gestão e na tomada de decições. 

No empreendimento, será necessário desenvolver atividades administrativas, financeiras, desenvolvimento de produto (software), suporte a clientes, implantação, treinamento e num segundo momento consultorias na área comercial.

O projeto traz vários pontos favoráveis entre eles a utilização de mão de obra que, em um primeiro momento, será efetuada pelos sócios, tendo em vista que, todos estão em formação ou formados em nível superior.  Assim o custo inicial de mão de obra não será necessária.

A visão do futuro é obter uma empresa inovadora na gestão comercial, sólida em recursos financeiros e intelectuais, estrutura física que comporte as necessidades do dia a dia e disponibilize aos colaboradores um ambiente tranquilo de trabalho.

</ds_AvaliacaoPlano>
  </AvaliacaoPlano>
  <Investimento_Pre_Operacional>
    <cd_investimento>-1</cd_investimento>
    <ds_investimento>Despesas de Legalização</ds_investimento>
    <nm_valor>1000.00</nm_valor>
  </Investimento_Pre_Operacional>
  <Investimento_Pre_Operacional>
    <cd_investimento>-2</cd_investimento>
    <ds_investimento>Obras civis e/ou reformas</ds_investimento>
    <nm_valor>0</nm_valor>
  </Investimento_Pre_Operacional>
  <Investimento_Pre_Operacional>
    <cd_investimento>-3</cd_investimento>
    <ds_investimento>Divulgação</ds_investimento>
    <nm_valor>0</nm_valor>
  </Investimento_Pre_Operacional>
  <Investimento_Pre_Operacional>
    <cd_investimento>-4</cd_investimento>
    <ds_investimento>Cursos e Treinamentos</ds_investimento>
    <nm_valor>0</nm_valor>
  </Investimento_Pre_Operacional>
  <Investimento_Pre_Operacional>
    <cd_investimento>-5</cd_investimento>
    <ds_investimento>Outras despesas</ds_investimento>
    <nm_valor>0</nm_valor>
  </Investimento_Pre_Operacional>
  <Status_Preenchimento_tela>
    <_x0031_._x0020_Sumário_x0020_Executivo>true</_x0031_._x0020_Sumário_x0020_Executivo>
    <_x0032_._x0020_Análise_x0020_de_x0020_Mercado>true</_x0032_._x0020_Análise_x0020_de_x0020_Mercado>
    <_x0033_._x0020_Plano_x0020_de_x0020_Marketing>true</_x0033_._x0020_Plano_x0020_de_x0020_Marketing>
    <_x0034_._x0020_Plano_x0020_Operacional>false</_x0034_._x0020_Plano_x0020_Operacional>
    <_x0035_._x0020_Plano_x0020_Financeiro>false</_x0035_._x0020_Plano_x0020_Financeiro>
    <_x0036_._x0020_Construção_x0020_de_x0020_Cenários>true</_x0036_._x0020_Construção_x0020_de_x0020_Cenários>
    <_x0037_._x0020_Avaliação_x0020_Estratégica>false</_x0037_._x0020_Avaliação_x0020_Estratégica>
    <_x0038_._x0020_Avaliação_x0020_do_x0020_Plano_x0020_de_x0020_Negócio>true</_x0038_._x0020_Avaliação_x0020_do_x0020_Plano_x0020_de_x0020_Negócio>
    <_x0031_.1_x0020_Resumo_x0020_dos_x0020_principais_x0020_pontos_x0020_do_x0020_plano_x0020_de_x0020_negócio>true</_x0031_.1_x0020_Resumo_x0020_dos_x0020_principais_x0020_pontos_x0020_do_x0020_plano_x0020_de_x0020_negócio>
    <_x0031_.2_x0020_Dados_x0020_dos_x0020_empreendedores_x002C__x0020_experiência_x0020_profissional_x0020_e_x0020_atribuições>true</_x0031_.2_x0020_Dados_x0020_dos_x0020_empreendedores_x002C__x0020_experiência_x0020_profissional_x0020_e_x0020_atribuições>
    <_x0031_.3_x0020_Dados_x0020_do_x0020_empreendimento>true</_x0031_.3_x0020_Dados_x0020_do_x0020_empreendimento>
    <_x0031_.4_x0020_Missão_x0020_da_x0020_empresa>true</_x0031_.4_x0020_Missão_x0020_da_x0020_empresa>
    <_x0031_.5_x0020_Setores_x0020_de_x0020_atividades>true</_x0031_.5_x0020_Setores_x0020_de_x0020_atividades>
    <_x0031_.6_x0020_Forma_x0020_Jurídica>true</_x0031_.6_x0020_Forma_x0020_Jurídica>
    <_x0031_.7_x0020_Enquadramento_x0020_Tributário>true</_x0031_.7_x0020_Enquadramento_x0020_Tributário>
    <_x0031_.7.1_x0020_Âmbito_x0020_federal>true</_x0031_.7.1_x0020_Âmbito_x0020_federal>
    <_x0031_.7.2_x0020_Âmbito_x0020_estadual>true</_x0031_.7.2_x0020_Âmbito_x0020_estadual>
    <_x0031_.7.3_x0020_Âmbito_x0020_municipal>true</_x0031_.7.3_x0020_Âmbito_x0020_municipal>
    <_x0031_.8_x0020_Capital_x0020_Social>true</_x0031_.8_x0020_Capital_x0020_Social>
    <_x0031_.9_x0020_Fonte_x0020_de_x0020_recursos>true</_x0031_.9_x0020_Fonte_x0020_de_x0020_recursos>
    <_x0032_.1_x0020_Estudo_x0020_dos_x0020_clientes>true</_x0032_.1_x0020_Estudo_x0020_dos_x0020_clientes>
    <_x0032_.2_x0020_Estudo_x0020_dos_x0020_concorrentes>true</_x0032_.2_x0020_Estudo_x0020_dos_x0020_concorrentes>
    <_x0032_.3_x0020_Estudo_x0020_dos_x0020_fornecedores>true</_x0032_.3_x0020_Estudo_x0020_dos_x0020_fornecedores>
    <_x0033_.1_x0020_Descrição_x0020_dos_x0020_principais_x0020_produtos_x0020_e_x0020_serviços>true</_x0033_.1_x0020_Descrição_x0020_dos_x0020_principais_x0020_produtos_x0020_e_x0020_serviços>
    <_x0033_.2_x0020_Preço>true</_x0033_.2_x0020_Preço>
    <_x0033_.3_x0020_Estratégias_x0020_promocionais>true</_x0033_.3_x0020_Estratégias_x0020_promocionais>
    <_x0033_.4_x0020_Estrutura_x0020_de_x0020_comercialização>true</_x0033_.4_x0020_Estrutura_x0020_de_x0020_comercialização>
    <_x0033_.5_x0020_Localização_x0020_do_x0020_negócio>true</_x0033_.5_x0020_Localização_x0020_do_x0020_negócio>
    <_x0034_.1_x0020_Layout>false</_x0034_.1_x0020_Layout>
    <_x0034_.2_x0020_Capacidade_x0020_produtiva_x002F_comercial_x002F_serviços>true</_x0034_.2_x0020_Capacidade_x0020_produtiva_x002F_comercial_x002F_serviços>
    <_x0034_.3_x0020_Processos_x0020_operacionais>true</_x0034_.3_x0020_Processos_x0020_operacionais>
    <_x0034_.4_x0020_Necessidade_x0020_de_x0020_pessoal>true</_x0034_.4_x0020_Necessidade_x0020_de_x0020_pessoal>
    <_x0035_.1_x0020_Estimativa_x0020_de_x0020_investimentos_x0020_fixos>true</_x0035_.1_x0020_Estimativa_x0020_de_x0020_investimentos_x0020_fixos>
    <_x0035_.2_x0020_Capital_x0020_de_x0020_giro>false</_x0035_.2_x0020_Capital_x0020_de_x0020_giro>
    <_x0035_.2.1_x0020_Estimativa_x0020_de_x0020_Estoque_x0020_Inicial>false</_x0035_.2.1_x0020_Estimativa_x0020_de_x0020_Estoque_x0020_Inicial>
    <_x0035_.2.2_x0020_Caixa_x0020_Mínimo>false</_x0035_.2.2_x0020_Caixa_x0020_Mínimo>
    <_x0035_.3_x0020_Investimentos_x0020_pré-operacionais>true</_x0035_.3_x0020_Investimentos_x0020_pré-operacionais>
    <_x0035_.4_x0020_Investimento_x0020_total_x0020__x0028_resumo_x0029_>false</_x0035_.4_x0020_Investimento_x0020_total_x0020__x0028_resumo_x0029_>
    <_x0035_.5_x0020_Estimativa_x0020_do_x0020_faturamento_x0020_mensal_x0020_da_x0020_empresa>false</_x0035_.5_x0020_Estimativa_x0020_do_x0020_faturamento_x0020_mensal_x0020_da_x0020_empresa>
    <_x0035_.6_x0020_Estimativa_x0020_do_x0020_custo_x0020_unitário_x0020_de_x0020_matéria_x0020_prima_x002C__x0020_materiais_x0020_diretos_x0020_e_x0020_terceirizações>false</_x0035_.6_x0020_Estimativa_x0020_do_x0020_custo_x0020_unitário_x0020_de_x0020_matéria_x0020_prima_x002C__x0020_materiais_x0020_diretos_x0020_e_x0020_terceirizações>
    <_x0035_.7_x0020_Estimativas_x0020_de_x0020_custos_x0020_de_x0020_comercialização>false</_x0035_.7_x0020_Estimativas_x0020_de_x0020_custos_x0020_de_x0020_comercialização>
    <_x0035_.8_x0020_Apuração_x0020_do_x0020_custo_x0020_dos_x0020_materiais_x0020_diretos_x0020_e_x002F_ou_x0020_mercadorias_x0020_vendidas>false</_x0035_.8_x0020_Apuração_x0020_do_x0020_custo_x0020_dos_x0020_materiais_x0020_diretos_x0020_e_x002F_ou_x0020_mercadorias_x0020_vendidas>
    <_x0035_.9_x0020_Estimativas_x0020_dos_x0020_custos_x0020_com_x0020_mão-de-obra>true</_x0035_.9_x0020_Estimativas_x0020_dos_x0020_custos_x0020_com_x0020_mão-de-obra>
    <_x0035_.10_x0020_Estimativas_x0020_dos_x0020_custos_x0020_com_x0020_depreciação>true</_x0035_.10_x0020_Estimativas_x0020_dos_x0020_custos_x0020_com_x0020_depreciação>
    <_x0035_.11_x0020_Estimativas_x0020_dos_x0020_custos_x0020_fixos_x0020_operacionais_x0020_mensais>true</_x0035_.11_x0020_Estimativas_x0020_dos_x0020_custos_x0020_fixos_x0020_operacionais_x0020_mensais>
    <_x0035_.12_x0020_Demonstrativo_x0020_de_x0020_resultados>true</_x0035_.12_x0020_Demonstrativo_x0020_de_x0020_resultados>
    <_x0035_.13_x0020_Indicadores_x0020_de_x0020_viabilidade>false</_x0035_.13_x0020_Indicadores_x0020_de_x0020_viabilidade>
    <_x0036_.1_x0020_Ações_x0020_Preventivas_x0020_e_x0020_Corretivas>true</_x0036_.1_x0020_Ações_x0020_Preventivas_x0020_e_x0020_Corretivas>
    <_x0037_.1_x0020_Análise_x0020_da_x0020_Matriz_x0020_F.O.F.A.>false</_x0037_.1_x0020_Análise_x0020_da_x0020_Matriz_x0020_F.O.F.A.>
    <_x0038_.1_x0020_Avaliação>true</_x0038_.1_x0020_Avaliação>
  </Status_Preenchimento_tela>
  <Fontes_Recursos>
    <nm_proprio>0</nm_proprio>
    <nm_terceiros>0.00</nm_terceiros>
    <nm_outros>0.00</nm_outros>
  </Fontes_Recursos>
  <Custo_Fixo_Mensal>
    <cd_custo>-1</cd_custo>
    <ds_descricao>Aluguel</ds_descricao>
    <nm_valor>0.00</nm_valor>
    <numero>1</numero>
  </Custo_Fixo_Mensal>
  <Custo_Fixo_Mensal>
    <cd_custo>-2</cd_custo>
    <ds_descricao>Condomínio</ds_descricao>
    <nm_valor>0.00</nm_valor>
    <numero>2</numero>
  </Custo_Fixo_Mensal>
  <Custo_Fixo_Mensal>
    <cd_custo>-3</cd_custo>
    <ds_descricao>IPTU</ds_descricao>
    <nm_valor>0.00</nm_valor>
    <numero>3</numero>
  </Custo_Fixo_Mensal>
  <Custo_Fixo_Mensal>
    <cd_custo>-4</cd_custo>
    <ds_descricao>Energia elétrica</ds_descricao>
    <nm_valor>0.00</nm_valor>
    <numero>4</numero>
  </Custo_Fixo_Mensal>
  <Custo_Fixo_Mensal>
    <cd_custo>-5</cd_custo>
    <ds_descricao>Telefone + internet</ds_descricao>
    <nm_valor>0.00</nm_valor>
    <numero>5</numero>
  </Custo_Fixo_Mensal>
  <Custo_Fixo_Mensal>
    <cd_custo>-6</cd_custo>
    <ds_descricao>Honorários do contador</ds_descricao>
    <nm_valor>0.00</nm_valor>
    <numero>6</numero>
  </Custo_Fixo_Mensal>
  <Custo_Fixo_Mensal>
    <cd_custo>-7</cd_custo>
    <ds_descricao>Pró-labore</ds_descricao>
    <nm_valor>10000.00</nm_valor>
    <numero>7</numero>
  </Custo_Fixo_Mensal>
  <Custo_Fixo_Mensal>
    <cd_custo>-8</cd_custo>
    <ds_descricao>Manutenção dos equipamentos</ds_descricao>
    <nm_valor>0.00</nm_valor>
    <numero>8</numero>
  </Custo_Fixo_Mensal>
  <Custo_Fixo_Mensal>
    <cd_custo>-9</cd_custo>
    <ds_descricao>Salários + encargos</ds_descricao>
    <nm_valor>0</nm_valor>
    <numero>9</numero>
  </Custo_Fixo_Mensal>
  <Custo_Fixo_Mensal>
    <cd_custo>-10</cd_custo>
    <ds_descricao>Material de limpeza</ds_descricao>
    <nm_valor>0.00</nm_valor>
    <numero>10</numero>
  </Custo_Fixo_Mensal>
  <Custo_Fixo_Mensal>
    <cd_custo>-11</cd_custo>
    <ds_descricao>Material de escritório</ds_descricao>
    <nm_valor>0.00</nm_valor>
    <numero>11</numero>
  </Custo_Fixo_Mensal>
  <Custo_Fixo_Mensal>
    <cd_custo>-12</cd_custo>
    <ds_descricao>Taxas diversas</ds_descricao>
    <nm_valor>0.00</nm_valor>
    <numero>12</numero>
  </Custo_Fixo_Mensal>
  <Custo_Fixo_Mensal>
    <cd_custo>-13</cd_custo>
    <ds_descricao>Serviços de terceiros</ds_descricao>
    <nm_valor>0.00</nm_valor>
    <numero>13</numero>
  </Custo_Fixo_Mensal>
  <Custo_Fixo_Mensal>
    <cd_custo>-14</cd_custo>
    <ds_descricao>Depreciação</ds_descricao>
    <nm_valor>0</nm_valor>
    <numero>14</numero>
  </Custo_Fixo_Mensal>
  <Custo_Fixo_Mensal>
    <cd_custo>-15</cd_custo>
    <ds_descricao>Contribuição do Microempreendedor Individual – MEI</ds_descricao>
    <nm_valor>0.00</nm_valor>
    <numero>15</numero>
  </Custo_Fixo_Mensal>
  <Custo_Fixo_Mensal>
    <cd_custo>-16</cd_custo>
    <ds_descricao>Outras taxas</ds_descricao>
    <nm_valor>0.00</nm_valor>
    <numero>16</numero>
  </Custo_Fixo_Mensal>
  <Projecao_Receitas>
    <tipoProjecao>F</tipoProjecao>
    <Mes1>10000.00</Mes1>
    <Mes2>10000.00</Mes2>
    <Mes3>10000.00</Mes3>
    <Mes4>10000.00</Mes4>
    <Mes5>10000.00</Mes5>
    <Mes6>10000.00</Mes6>
    <Mes7>10000.00</Mes7>
    <Mes8>10000.00</Mes8>
    <Mes9>10000.00</Mes9>
    <Mes10>10000.00</Mes10>
    <Mes11>10000.00</Mes11>
    <Mes12>10000.00</Mes12>
    <Ano2>120000.00</Ano2>
    <Ano3>0</Ano3>
    <Ano4>0</Ano4>
    <Ano5>0</Ano5>
    <taxaCrescimento>0</taxaCrescimento>
    <taxaCrescimentoAno>0</taxaCrescimentoAno>
    <modoProjecao>S</modoProjecao>
  </Projecao_Receitas>
  <Custo_Comercializacao>
    <ds_imposto>SIMPLES (Imposto Federal)</ds_imposto>
    <nm_percentual>0</nm_percentual>
  </Custo_Comercializacao>
  <Custo_Comercializacao>
    <ds_imposto>Comissões (Gastos com Vendas)</ds_imposto>
    <nm_percentual>0</nm_percentual>
  </Custo_Comercializacao>
  <Custo_Comercializacao>
    <ds_imposto>Propaganda (Gastos com Vendas)</ds_imposto>
    <nm_percentual>0</nm_percentual>
  </Custo_Comercializacao>
  <Custo_Comercializacao>
    <ds_imposto>Taxas de Cartões (Gastos com Vendas)</ds_imposto>
    <nm_percentual>0</nm_percentual>
  </Custo_Comercializacao>
  <Cenario>
    <nm_receita_pessimista>40.00</nm_receita_pessimista>
    <nm_receita_otimista>100.00</nm_receita_otimista>
    <ds_acoes>uh
</ds_acoes>
  </Cenario>
</DSPlanoNegocio>