<?xml version="1.0" standalone="yes"?>
<DSCEPN2 xmlns="http://tempuri.org/DSCEPN2.xsd">
  <Usuario>
    <cd_usuario>1</cd_usuario>
    <ds_nome>Fábio Schafer</ds_nome>
    <nm_cpf_cnpj>122931050</nm_cpf_cnpj>
    <ds_email>schaferi2b@gmail.com</ds_email>
    <nm_telefone>5591638149</nm_telefone>
  </Usuario>
  <Plano>
    <cd_plano>2</cd_plano>
    <fk_usuario>1</fk_usuario>
    <ds_nome>I2B Soft (2º e 3º ano)</ds_nome>
    <ds_nome_arquivo>pn20150211230911.xml</ds_nome_arquivo>
    <fk_periodo_planejamento>1</fk_periodo_planejamento>
    <fk_objetivo_plano>1</fk_objetivo_plano>
    <fk_sg_estado>RS</fk_sg_estado>
    <dt_criacao>2015-02-16T14:05:14.2792969-02:00</dt_criacao>
    <dt_modificacao>2015-02-18T19:04:05.7734375-02:00</dt_modificacao>
  </Plano>
  <Plano>
    <cd_plano>4</cd_plano>
    <fk_usuario>1</fk_usuario>
    <ds_nome>I2B Soft (1º ano)</ds_nome>
    <ds_nome_arquivo>pn20150216140806.xml</ds_nome_arquivo>
    <fk_periodo_planejamento>0</fk_periodo_planejamento>
    <fk_objetivo_plano>1</fk_objetivo_plano>
    <fk_sg_estado>RS</fk_sg_estado>
    <dt_criacao>2015-02-16T14:08:06.8886719-02:00</dt_criacao>
    <dt_modificacao>2015-02-18T13:08:00.0527343-02:00</dt_modificacao>
  </Plano>
  <Plano>
    <cd_plano>3</cd_plano>
    <fk_usuario>1</fk_usuario>
    <ds_nome>I2B Soft (4º e 5º ano)</ds_nome>
    <ds_nome_arquivo>pn20141220110926.xml</ds_nome_arquivo>
    <fk_periodo_planejamento>1</fk_periodo_planejamento>
    <fk_objetivo_plano>1</fk_objetivo_plano>
    <fk_sg_estado>RS</fk_sg_estado>
    <dt_criacao>2015-02-16T14:07:30.4179687-02:00</dt_criacao>
    <dt_modificacao>2015-02-18T21:06:46.0126954-02:00</dt_modificacao>
  </Plano>
</DSCEPN2>