<?xml version="1.0" standalone="yes"?>
<DSCEPN2 xmlns="http://tempuri.org/DSCEPN2.xsd">
  <Usuario>
    <cd_usuario>1</cd_usuario>
    <ds_nome>Fabio Schafer</ds_nome>
    <nm_cpf_cnpj>122931050</nm_cpf_cnpj>
    <ds_email>fabio_schafer@outlook.com</ds_email>
    <nm_telefone>5591638149</nm_telefone>
  </Usuario>
  <Plano>
    <cd_plano>1</cd_plano>
    <fk_usuario>1</fk_usuario>
    <ds_nome>I2B Soft</ds_nome>
    <ds_nome_arquivo>pn20141220110926.xml</ds_nome_arquivo>
    <fk_periodo_planejamento>1</fk_periodo_planejamento>
    <fk_objetivo_plano>1</fk_objetivo_plano>
    <fk_sg_estado>RS</fk_sg_estado>
    <dt_criacao>2014-12-20T11:09:26.4882812-02:00</dt_criacao>
    <dt_modificacao>2015-02-11T00:19:06.4257813-02:00</dt_modificacao>
  </Plano>
</DSCEPN2>